Rk,Player,AB,Year,Age,Tm,Lg,G,PA,R,H,2B,3B,HR,RBI,BB,IBB,SO,HBP,SH,SF,GDP,SB,CS,BA,OBP,SLG,OPS,Pos,All Star
1,Whit Merrifield,664,2021,32,KCR,AL,162,720,97,184,42,3,10,74,40,1,103,4,0,12,12,40,4,0.277,0.317,0.395,0.711,*49/7D,1
2,Marcus Semien,652,2021,30,TOR,AL,162,724,115,173,39,2,45,102,66,0,146,3,0,3,9,15,1,0.265,0.334,0.538,0.873,*46/D,1
3,Bo Bichette,640,2021,23,TOR,AL,159,690,121,191,30,1,29,102,40,0,137,6,0,4,10,25,1,0.298,0.344,0.484,0.828,*6D,1
4,Ozzie Albies,629,2021,24,ATL,NL,156,686,103,163,40,7,30,106,47,2,128,3,0,7,4,20,4,0.259,0.311,0.488,0.799,*4,1
5,Jonathan Schoop,623,2021,29,DET,AL,156,674,85,173,30,1,22,84,37,0,133,6,0,8,15,2,0,0.278,0.321,0.435,0.756,*34D/5,1
6,Mitch Haniger,620,2021,30,SEA,AL,157,691,110,157,23,2,39,100,54,2,169,9,0,8,12,1,0,0.253,0.318,0.486,0.804,*9D,1
7,Salvador Perez,620,2021,31,KCR,AL,161,665,88,169,24,0,48,121,28,4,170,13,0,4,14,1,0,0.273,0.316,0.544,0.859,*2D/H,1
8,Vladimir Guerrero Jr.,604,2021,22,TOR,AL,161,698,123,188,29,1,48,111,86,7,110,6,0,2,20,4,1,0.311,0.401,0.601,1.002,*3D/5,1
9,Paul Goldschmidt,603,2021,33,STL,NL,158,679,102,177,36,2,31,99,67,2,136,4,0,5,13,12,0,0.294,0.365,0.514,0.879,*3/DH,1
10,Kyle Seager,603,2021,33,SEA,AL,159,670,73,128,29,1,35,101,59,2,161,4,0,4,7,3,1,0.212,0.285,0.438,0.723,*5D/H,1
11,Cedric Mullins,602,2021,26,BAL,AL,159,675,91,175,37,5,30,59,59,3,125,8,1,4,2,30,8,0.291,0.36,0.518,0.878,*8/HD,1
12,Jose Altuve,601,2021,31,HOU,AL,146,678,117,167,32,1,31,83,66,3,91,4,1,6,9,5,3,0.278,0.35,0.489,0.839,*4/HD,1
13,Freddie Freeman,600,2021,31,ATL,NL,159,695,120,180,25,2,31,83,85,15,107,8,0,2,11,8,3,0.3,0.393,0.503,0.896,*3,1
14,DJ LeMahieu,597,2021,32,NYY,AL,150,679,84,160,24,1,10,57,73,2,94,4,0,5,16,4,2,0.268,0.349,0.362,0.711,435/HD,1
15,Trea Turner,595,2021,28,TOT,NL,148,646,107,195,34,3,28,77,41,2,110,6,0,4,18,32,5,0.328,0.375,0.536,0.911,*64/H,1
16,Nolan Arenado,593,2021,30,STL,NL,157,653,81,151,34,3,34,105,50,8,96,3,0,7,20,2,0,0.255,0.312,0.494,0.807,*5/D,1
17,Rafael Devers,591,2021,24,BOS,AL,156,664,101,165,37,1,38,113,62,7,143,7,0,4,13,5,5,0.279,0.352,0.538,0.891,*5/D4H,1
18,Jorge Polanco,588,2021,27,MIN,AL,152,644,97,158,35,2,33,98,45,0,118,5,0,6,4,11,6,0.269,0.323,0.503,0.826,*46/DH,1
19,Adolis García,581,2021,28,TEX,AL,149,622,77,141,26,2,31,90,32,0,194,5,0,4,15,16,5,0.243,0.286,0.454,0.741,89D/7H,1
20,Adam Frazier,577,2021,29,TOT,NL,155,639,83,176,36,5,5,43,48,2,69,10,3,1,10,10,5,0.305,0.368,0.411,0.779,*4H7/D,1
21,J.D. Martinez,570,2021,33,BOS,AL,148,634,92,163,42,3,28,99,55,6,150,3,0,5,18,0,0,0.286,0.349,0.518,0.867,*D7/9,1
22,Jake Cronenworth,567,2021,27,SDP,NL,152,643,94,151,33,7,21,71,55,6,90,10,3,3,8,4,3,0.266,0.34,0.46,0.801,463/H1,1
23,José Abreu,566,2021,34,CHW,AL,152,659,86,148,30,2,30,117,61,3,143,22,0,10,28,1,0,0.262,0.351,0.481,0.831,*3D/5,1
24,Matt Olson,565,2021,27,OAK,AL,156,673,101,153,35,0,39,111,88,12,113,9,0,11,17,4,1,0.271,0.372,0.54,0.911,*3/D,1
25,Carlos Santana,565,2021,35,KCR,AL,158,659,66,121,15,0,19,69,86,3,102,3,0,5,12,2,0,0.214,0.319,0.342,0.66,*3D/H,1
26,Manny Machado,564,2021,28,SDP,NL,153,640,92,157,31,2,28,106,63,10,102,2,0,11,10,12,3,0.278,0.347,0.489,0.836,*5/HD,1
27,Pete Alonso,561,2021,26,NYM,NL,152,637,81,147,27,3,37,94,60,6,127,12,0,4,20,3,0,0.262,0.344,0.519,0.863,*3/DH,1
28,Bryan Reynolds,559,2021,26,PIT,NL,159,646,93,169,35,8,24,90,75,9,119,8,0,4,10,5,2,0.302,0.39,0.522,0.913,*87/HD,1
29,Carlos Correa,555,2021,26,HOU,AL,148,640,104,155,34,1,26,92,75,2,116,4,0,6,16,0,0,0.279,0.366,0.485,0.85,*6,1
30,Jose Ramirez,552,2021,28,CLE,AL,152,636,111,147,32,5,36,103,72,10,87,7,0,5,13,27,4,0.266,0.355,0.538,0.893,*5D/H,1
31,Teoscar Hernandez,550,2021,28,TOR,AL,143,595,92,163,29,0,32,116,36,1,148,7,0,2,5,12,4,0.296,0.346,0.524,0.87,*97D/8H,1
32,Aaron Judge,550,2021,29,NYY,AL,148,633,89,158,24,0,39,98,75,2,158,3,0,5,16,6,1,0.287,0.373,0.544,0.916,*98D/H,1
33,Eduardo Escobar,549,2021,32,TOT,NL,146,599,77,139,26,5,28,90,48,1,124,1,0,1,3,1,0,0.253,0.314,0.472,0.786,*543/H6,1
34,Shohei Ohtani,537,2021,26,LAA,AL,155,639,103,138,26,8,46,100,96,20,189,4,0,2,7,26,10,0.257,0.373,0.592,0.965,*D1/H97,1
35,Brandon Lowe,535,2021,26,TBR,AL,149,615,97,132,31,0,39,99,68,4,167,9,0,3,2,7,1,0.247,0.34,0.523,0.863,*4H7/9D3,1
36,Justin Turner,533,2021,36,LAD,NL,151,612,87,148,22,0,27,87,61,0,98,12,0,6,12,3,0,0.278,0.361,0.471,0.832,*5H/D1,1
37,Nick Castellanos,531,2021,29,CIN,NL,138,585,95,164,38,1,34,100,41,5,121,7,0,6,16,3,1,0.309,0.362,0.576,0.939,*9/HD,1
38,Jared Walsh,530,2021,27,LAA,AL,144,585,70,147,34,1,29,98,48,6,152,4,0,3,7,2,1,0.277,0.34,0.509,0.85,*39/H,1
39,Xander Bogaerts,529,2021,28,BOS,AL,144,603,90,156,34,1,23,79,62,2,113,5,0,7,13,5,1,0.295,0.37,0.493,0.863,*6/DH,1
40,Matt Chapman,529,2021,28,OAK,AL,151,622,75,111,15,3,27,72,80,0,202,4,0,9,6,3,2,0.21,0.314,0.403,0.716,*5/6H,1
41,Tim Anderson,527,2021,28,CHW,AL,123,551,94,163,29,2,17,61,22,1,119,1,0,1,5,18,7,0.309,0.338,0.469,0.806,*6,1
42,Trevor Story,526,2021,28,COL,NL,142,595,88,132,34,5,24,75,53,2,139,11,0,5,7,20,6,0.251,0.329,0.472,0.801,*6/HD,1
43,Austin Meadows,518,2021,26,TBR,AL,142,591,79,121,29,3,27,106,59,3,122,6,0,8,4,4,3,0.234,0.315,0.458,0.772,7DH/9,1
44,Charlie Blackmon,514,2021,34,COL,NL,150,582,76,139,25,4,13,78,54,1,91,11,0,3,8,3,0,0.27,0.351,0.411,0.761,*9H/D,1
45,Jean Segura,514,2021,31,PHI,NL,131,567,76,149,27,3,14,58,39,3,78,9,1,4,16,9,3,0.29,0.348,0.436,0.784,*4/H6,1
46,Kris Bryant,513,2021,29,TOT,NL,144,586,86,136,32,2,25,73,62,4,135,9,0,2,9,10,2,0.265,0.353,0.482,0.835,57983/H6,1
47,Nelson Cruz,513,2021,40,TOT,AL,140,584,79,136,21,1,32,86,51,10,126,7,0,9,14,3,0,0.265,0.335,0.497,0.832,*D/H3,1
48,Adam Duvall,513,2021,32,TOT,NL,146,555,67,117,17,2,38,113,35,1,174,4,0,3,7,5,0,0.228,0.281,0.491,0.772,978H,1
49,Giancarlo Stanton,510,2021,31,NYY,AL,139,579,64,139,19,0,35,97,63,1,157,3,0,3,22,0,0,0.273,0.354,0.516,0.87,*D97/H,1
50,Eric Hosmer,509,2021,31,SDP,NL,151,565,53,137,28,0,12,65,48,2,99,5,1,2,13,5,4,0.269,0.337,0.395,0.732,*3H/D,1
51,Chris Taylor,507,2021,30,LAD,NL,148,582,92,129,25,4,20,73,63,2,167,8,1,3,5,13,1,0.254,0.344,0.438,0.782,84765/H9,1
52,Eugenio Suarez,505,2021,29,CIN,NL,145,574,71,100,23,0,31,79,56,0,171,8,0,5,14,0,1,0.198,0.286,0.428,0.713,*56H,1
53,Javier Baez,502,2021,28,TOT,NL,138,547,80,133,18,2,31,87,28,2,184,13,0,3,12,18,5,0.265,0.319,0.494,0.813,*64/H,1
54,Juan Soto,502,2021,22,WSN,NL,151,654,111,157,20,2,29,95,145,23,93,2,0,5,23,9,7,0.313,0.465,0.534,0.999,*9/HD,1
55,Josh Bell,498,2021,28,WSN,NL,144,568,75,130,24,1,27,88,65,2,101,2,0,3,22,0,0,0.261,0.347,0.476,0.823,*3H/7D9,1
56,Joey Gallo,498,2021,27,TOT,AL,153,616,90,99,13,1,38,77,111,5,213,6,0,1,6,6,0,0.199,0.351,0.458,0.808,97D/H,1
57,Elvis Andrus,497,2021,32,OAK,AL,146,541,60,121,25,2,3,37,31,2,81,6,3,4,14,12,2,0.244,0.294,0.32,0.614,*6/H,1
58,Max Muncy,497,2021,30,LAD,NL,144,592,95,124,26,2,36,94,83,5,120,11,0,1,7,2,1,0.25,0.368,0.527,0.895,*34/5HD,1
59,Bryce Harper,488,2021,28,PHI,NL,141,599,101,151,42,1,35,84,100,14,134,5,2,4,12,13,3,0.309,0.429,0.615,1.044,*9/D3,1
60,Brandon Crawford,483,2021,34,SFG,NL,138,549,79,144,30,3,24,90,56,6,105,5,0,5,8,11,3,0.298,0.373,0.522,0.895,*6/H,1
61,José Iglesias,483,2021,31,TOT,AL,137,511,65,131,27,2,9,48,21,0,75,6,0,1,10,5,2,0.271,0.309,0.391,0.701,*64/HD,1
62,Andrew McCutchen,482,2021,34,PHI,NL,144,574,78,107,24,1,27,80,81,2,132,4,0,7,10,6,1,0.222,0.335,0.444,0.779,*7H/D,1
63,Fernando Tatis Jr.,478,2021,22,SDP,NL,130,546,99,135,31,0,42,97,62,6,153,2,0,4,5,25,4,0.282,0.365,0.611,0.975,*69/8HD,1
64,J.T. Realmuto,476,2021,30,PHI,NL,134,537,64,125,25,4,17,73,48,5,129,11,0,2,8,13,3,0.263,0.343,0.439,0.782,*23/HD,1
65,Miguel Cabrera,472,2021,38,DET,AL,130,526,48,121,16,0,15,75,40,0,118,5,0,9,21,0,0,0.256,0.316,0.386,0.701,D3/H,1
66,Miguel Sano,470,2021,28,MIN,AL,135,532,68,105,24,0,30,75,59,2,183,2,0,1,13,2,1,0.223,0.312,0.466,0.778,*3D/5H,1
67,Michael Brantley,469,2021,34,HOU,AL,121,508,68,146,29,3,8,47,33,1,53,5,0,1,11,1,0,0.311,0.362,0.437,0.799,*7D/9H,1
68,Mookie Betts,466,2021,28,LAD,NL,122,550,93,123,29,3,23,58,68,2,86,11,0,5,5,10,5,0.264,0.367,0.487,0.854,*98/4H,1
69,Avisail Garcia,461,2021,30,MIL,NL,135,515,68,121,18,0,29,86,38,5,121,11,0,5,12,8,4,0.263,0.33,0.49,0.82,*9H/8,1
70,Joey Wendle,460,2021,31,TBR,AL,136,501,73,122,31,4,11,54,28,4,113,10,0,3,9,8,6,0.265,0.319,0.422,0.741,*564H,1
71,Gleyber Torres,459,2021,24,NYY,AL,127,516,50,119,22,0,9,51,50,1,104,1,2,4,12,14,6,0.259,0.331,0.366,0.697,*64/H,1
72,Josh Donaldson,457,2021,35,MIN,AL,135,543,73,113,26,0,26,72,74,2,114,4,0,8,22,0,0,0.247,0.352,0.475,0.827,*5D/H,1
73,Jed Lowrie,457,2021,37,OAK,AL,139,512,55,112,28,0,14,69,49,1,108,2,0,4,8,0,0,0.245,0.318,0.398,0.717,4DH/5,1
74,Francisco Lindor,452,2021,27,NYM,NL,125,524,73,104,16,3,20,63,58,4,96,5,6,3,7,10,4,0.23,0.322,0.412,0.734,*6/H,1
75,Odubel Herrera,450,2021,29,PHI,NL,124,492,59,117,27,2,13,51,29,0,77,6,1,5,6,6,1,0.26,0.31,0.416,0.726,*87/H9,1
76,Jesus Aguilar,449,2021,31,MIA,NL,131,510,49,117,23,0,22,93,46,4,93,3,0,7,11,0,0,0.261,0.329,0.459,0.788,*3H/D5,1
77,Joey Votto,448,2021,37,CIN,NL,129,533,73,119,23,1,36,99,77,6,127,4,0,4,7,1,0,0.266,0.375,0.563,0.938,*3/HD,1
78,Wil Myers,442,2021,30,SDP,NL,146,500,56,113,24,2,17,63,54,2,141,0,0,4,9,8,5,0.256,0.334,0.434,0.768,*9H7/D,1
79,Yadier Molina,440,2021,38,STL,NL,121,473,45,111,19,0,11,66,24,1,79,5,0,3,16,3,0,0.252,0.297,0.371,0.667,*2/H3,1
80,Joc Pederson,429,2021,29,TOT,NL,137,481,55,102,19,3,18,61,39,0,117,8,0,5,9,2,3,0.238,0.31,0.422,0.732,798H/3D,1
81,Jesse Winker,423,2021,27,CIN,NL,110,485,77,129,32,1,24,71,53,1,75,9,0,0,14,1,0,0.305,0.394,0.556,0.949,*7/9HD8,1
82,Willson Contreras,413,2021,29,CHC,NL,128,483,61,98,20,0,21,57,52,1,138,14,0,4,11,5,4,0.237,0.34,0.438,0.778,*2H/75,1
83,Michael Conforto,406,2021,28,NYM,NL,125,479,52,94,20,0,14,55,59,3,104,12,0,2,14,1,0,0.232,0.345,0.384,0.729,*9H/D,1
84,Christian Yelich,399,2021,29,MIL,NL,117,475,70,99,19,2,9,51,70,5,113,3,0,3,5,9,3,0.248,0.362,0.373,0.736,*7H/D9,1
85,Buster Posey,395,2021,34,SFG,NL,113,454,68,120,23,0,18,56,56,5,87,1,0,2,15,0,0,0.304,0.39,0.499,0.889,*2H/D,1
86,Omar Narvaez,391,2021,29,MIL,NL,123,445,54,104,20,0,11,49,41,3,84,7,0,6,13,0,0,0.266,0.342,0.402,0.743,*2H/4D,1
87,Jackie Bradley Jr.,387,2021,31,MIL,NL,134,428,39,63,14,3,6,29,28,0,132,10,0,3,8,7,1,0.163,0.236,0.261,0.497,8H97,1
88,Brett Gardner,387,2021,37,NYY,AL,140,461,47,86,16,4,10,39,60,0,100,3,5,6,3,4,0,0.222,0.327,0.362,0.689,*87/H,1
89,Jeff McNeil,386,2021,29,NYM,NL,120,426,48,97,19,1,7,35,29,0,58,10,0,1,10,3,0,0.251,0.319,0.36,0.679,47H/D5,1
90,AJ Pollock,384,2021,33,LAD,NL,117,422,53,114,27,1,21,69,30,4,80,6,0,2,4,9,1,0.297,0.356,0.537,0.892,*7H/8,1
91,Gary Sanchez,383,2021,28,NYY,AL,117,440,54,78,13,1,23,54,52,3,121,5,0,0,14,0,0,0.204,0.307,0.423,0.73,*2H/D,1
92,James McCann,375,2021,31,NYM,NL,121,412,29,87,12,1,10,46,32,1,115,2,0,3,12,1,2,0.232,0.294,0.349,0.643,*2H/3D,1
93,Paul DeJong,356,2021,27,STL,NL,113,402,44,70,10,1,19,45,35,0,103,9,0,2,6,4,1,0.197,0.284,0.39,0.674,*6/H,1
94,Corey Seager,353,2021,27,LAD,NL,95,409,54,108,22,3,16,57,48,2,66,5,0,3,8,1,1,0.306,0.394,0.521,0.915,*6/H,1
95,Alex Bregman,348,2021,27,HOU,AL,91,400,54,94,17,0,12,55,44,4,53,4,0,4,13,1,0,0.27,0.355,0.422,0.777,*5/H,1
96,Ketel Marte,340,2021,27,ARI,NL,90,374,52,108,29,1,14,50,31,3,60,2,0,1,8,2,0,0.318,0.377,0.532,0.909,*84/H,1
97,Mike Zunino,333,2021,30,TBR,AL,109,375,64,72,11,2,33,62,34,0,132,7,0,1,7,0,0,0.216,0.301,0.559,0.86,*2/H,1
98,Brandon Belt,325,2021,33,SFG,NL,97,381,65,89,14,2,29,59,48,3,103,7,0,1,9,3,2,0.274,0.378,0.597,0.975,*3H,1
99,Jason Heyward,323,2021,31,CHC,NL,104,353,35,69,15,2,8,30,27,1,68,3,0,0,4,5,1,0.214,0.281,0.347,0.627,*9/H,1
100,Anthony Rizzo,323,2021,31,CHC,NL,92,376,41,80,16,3,14,40,36,2,59,14,0,3,10,4,2,0.248,0.346,0.446,0.792,*3/41,1
101,Josh Harrison,320,2021,33,WSN,NL,90,359,39,94,23,2,6,38,25,0,50,12,0,1,4,5,2,0.294,0.366,0.434,0.8,*475/H89,1
102,Alcides Escobar,319,2021,34,WSN,NL,75,349,53,92,21,2,4,28,17,0,56,9,2,2,2,3,0,0.288,0.34,0.404,0.745,*64,1
103,Justin Upton,318,2021,33,LAA,AL,89,362,47,67,12,0,17,41,39,0,107,1,0,3,11,4,1,0.211,0.296,0.409,0.705,*7/H8D,1
104,Cody Bellinger,315,2021,25,LAD,NL,95,350,39,52,9,2,10,36,31,2,94,1,0,3,2,3,1,0.165,0.24,0.302,0.542,*8/9H3,1
105,Starlin Castro,315,2021,31,WSN,NL,87,346,25,89,20,0,3,38,26,1,62,0,0,4,6,0,1,0.283,0.333,0.375,0.708,*5/H6,1
106,Asdrubal Cabrera,309,2021,35,TOT,NL,110,352,34,71,21,0,7,42,36,1,80,3,0,4,8,1,0,0.23,0.313,0.366,0.678,5H3/1D6,1
107,George Springer,299,2021,31,TOR,AL,78,342,59,79,19,1,22,50,37,1,79,4,0,1,6,4,1,0.264,0.352,0.555,0.907,8D/9,1
108,Ronald Acuna Jr.,297,2021,23,ATL,NL,82,360,72,84,19,1,24,52,49,2,85,9,0,5,0,17,6,0.283,0.394,0.596,0.99,*9/H8,1
109,Aledmys Díaz,294,2021,30,HOU,AL,84,319,28,76,19,0,8,45,16,3,62,9,0,0,7,0,1,0.259,0.317,0.405,0.721,5743H/6D9,1
110,Yasmani Grandal,279,2021,32,CHW,AL,93,375,60,67,9,0,23,62,87,0,82,3,1,5,15,0,0,0.24,0.42,0.52,0.94,*2/D3H,1
111,Kyle Schwarber,265,2021,28,WSN,NL,72,303,42,67,9,0,25,53,31,1,88,5,0,2,4,1,1,0.253,0.34,0.57,0.91,*7,1
112,Lorenzo Cain,257,2021,35,MIL,NL,78,286,40,66,13,0,8,36,26,0,48,2,0,1,5,13,2,0.257,0.329,0.401,0.73,*8/H,1
113,Ryan Zimmerman,255,2021,36,WSN,NL,110,273,27,62,16,0,14,46,16,0,77,0,0,2,9,0,0,0.243,0.286,0.471,0.756,H3/D,1
114,Evan Longoria,253,2021,35,SFG,NL,81,291,45,66,17,0,13,46,35,4,68,1,0,2,9,1,1,0.261,0.351,0.482,0.833,*5/H,1
115,Brock Holt,235,2021,33,TEX,AL,76,260,21,49,13,1,2,23,23,0,49,1,0,1,5,5,1,0.209,0.281,0.298,0.579,*5H/D1,1
116,Starling Marte,234,2021,32,OAK,AL,56,251,37,74,16,2,5,30,11,0,42,5,0,1,4,25,2,0.316,0.359,0.466,0.824,*8,1
117,Starling Marte,233,2021,32,MIA,NL,64,275,52,71,11,1,7,25,32,2,57,8,1,1,2,22,3,0.305,0.405,0.451,0.856,*8/H,1
118,Mitch Moreland,229,2021,35,OAK,AL,81,252,28,52,11,1,10,30,18,0,58,2,0,3,5,0,0,0.227,0.286,0.415,0.701,*DH/31,1
119,Tommy La Stella,220,2021,32,SFG,NL,76,242,26,55,11,1,7,27,18,1,26,1,0,1,4,0,0,0.25,0.308,0.405,0.713,*4H/5D,1
120,Kurt Suzuki,219,2021,37,LAA,AL,72,247,17,49,8,0,6,16,12,0,44,11,2,3,7,0,0,0.224,0.294,0.343,0.636,*2/H,1
121,Yan Gomes,218,2021,33,WSN,NL,63,235,30,59,11,1,9,35,13,3,47,4,0,0,12,0,0,0.271,0.323,0.454,0.778,*2/H,1
122,Anthony Rendon,217,2021,31,LAA,AL,58,249,24,52,13,0,6,34,29,2,41,1,0,2,11,0,0,0.24,0.329,0.383,0.712,*5/D,1
123,Daniel Vogelbach,215,2021,28,MIL,NL,93,258,30,47,8,0,9,24,43,1,57,0,0,0,6,0,0,0.219,0.349,0.381,0.73,3H/D,1
124,Stephen Vogt,210,2021,36,TOT,NL,78,238,24,41,6,1,7,25,26,2,56,0,1,1,2,0,0,0.195,0.283,0.333,0.616,*2H/3,1
125,Matt Carpenter,207,2021,35,STL,NL,130,249,18,35,11,1,3,21,35,1,77,6,0,1,1,2,0,0.169,0.305,0.275,0.581,H43/5D1,1
126,David Dahl,205,2021,27,TEX,AL,63,220,19,43,11,0,4,18,10,0,59,1,1,3,3,2,1,0.21,0.247,0.322,0.569,7D9/H8,1
127,Corey Dickerson,205,2021,32,MIA,NL,63,225,27,54,12,3,2,14,16,0,45,3,0,1,5,2,4,0.263,0.324,0.381,0.705,*7H,1
128,Albert Pujols,189,2021,41,LAD,NL,85,204,20,48,3,0,12,38,11,2,32,2,0,2,10,1,0,0.254,0.299,0.46,0.759,3H,1
129,Marcell Ozuna,188,2021,30,ATL,NL,48,208,21,40,6,0,7,26,19,0,46,1,0,0,6,0,0,0.213,0.289,0.356,0.645,*7,1
130,Josh Harrison,185,2021,33,OAK,AL,48,199,19,47,10,0,2,22,6,0,25,6,0,2,5,4,3,0.254,0.297,0.341,0.637,*45/67H,1
131,Mike Moustakas,183,2021,32,CIN,NL,62,206,21,38,12,0,6,22,18,0,46,2,0,3,6,0,0,0.208,0.282,0.372,0.653,*5H3/4,1
132,Anthony Rizzo,173,2021,31,NYY,AL,49,200,32,43,7,0,8,21,16,0,28,9,0,2,5,2,0,0.249,0.34,0.428,0.768,*3/H,1
133,Wilson Ramos,151,2021,33,TOT,AL,44,163,15,31,5,0,8,20,9,0,36,0,0,1,2,0,0,0.205,0.248,0.397,0.646,*2D/H,1
134,Jason Castro,149,2021,34,HOU,AL,66,179,22,35,7,0,8,21,25,1,54,3,2,0,4,0,0,0.235,0.356,0.443,0.799,*2H/D,1
135,Jake Lamb,144,2021,30,TOT,AL,55,170,25,28,4,0,7,19,22,0,51,2,0,2,4,0,0,0.194,0.306,0.368,0.674,75H/9D3,1
136,Kyle Schwarber,134,2021,28,BOS,AL,41,168,34,39,10,0,7,18,33,0,39,1,0,0,0,0,0,0.291,0.435,0.522,0.957,7D3/H,1
137,Corey Dickerson,131,2021,32,TOR,AL,46,140,16,37,6,2,4,15,9,1,23,0,0,0,3,4,1,0.282,0.329,0.45,0.779,78/HD9,1
138,Yan Gomes,131,2021,33,OAK,AL,40,140,19,29,4,0,5,17,6,0,31,2,0,1,3,0,0,0.221,0.264,0.366,0.631,*2/HD,1
139,Joe Panik,122,2021,30,MIA,NL,53,134,8,21,3,0,1,7,9,1,20,2,1,0,5,2,0,0.172,0.241,0.221,0.462,H45/3,1
140,Mike Trout,117,2021,29,LAA,AL,36,146,23,39,8,1,8,18,27,5,41,2,0,0,0,2,0,0.333,0.466,0.624,1.09,*8,1
141,Joe Panik,114,2021,30,TOR,AL,42,123,9,28,6,0,2,11,8,0,14,0,0,1,4,0,0,0.246,0.293,0.351,0.644,54/H3D,1
142,Alex Avila,89,2021,34,WSN,NL,34,111,5,17,9,1,1,9,19,1,37,2,1,0,4,0,0,0.191,0.346,0.348,0.694,*2/H4,1
143,Albert Pujols,86,2021,41,LAA,AL,24,92,9,17,0,0,5,12,3,1,13,3,0,0,4,1,0,0.198,0.25,0.372,0.622,*3/HD5,1
144,Ender Inciarte,79,2021,30,ATL,NL,52,89,11,17,2,0,2,10,7,0,22,0,2,1,1,1,0,0.215,0.276,0.317,0.592,*8H/7,1
145,Pablo Sandoval,73,2021,34,ATL,NL,69,86,11,13,0,0,4,11,11,0,25,2,0,0,2,0,0,0.178,0.302,0.343,0.645,*H/D35,1
146,Walker Buehler,69,2021,26,LAD,NL,34,82,5,7,2,0,0,3,5,0,45,0,8,0,0,0,0,0.101,0.162,0.13,0.293,*1/H,1
147,Zack Wheeler,68,2021,31,PHI,NL,32,73,1,11,2,0,0,3,0,0,39,0,5,0,1,0,0,0.162,0.162,0.191,0.353,*1/H,1
148,Adam Wainwright,57,2021,39,STL,NL,33,74,1,7,2,0,0,4,3,0,25,0,14,0,2,0,0,0.123,0.167,0.158,0.325,*1/H,1
149,Matt Joyce,55,2021,36,PHI,NL,43,69,6,5,1,0,2,7,12,2,16,1,0,1,2,0,0,0.091,0.261,0.218,0.479,*H/79,1
150,Charlie Morton,55,2021,37,ATL,NL,31,62,5,7,1,0,0,1,0,0,31,0,7,0,0,0,0,0.127,0.127,0.146,0.273,*1/H,1
151,Tommy Edman,641,2021,26,STL,NL,159,691,91,168,41,3,11,56,38,1,95,6,2,4,4,30,5,0.262,0.308,0.387,0.695,*49/6H,0
152,Isiah Kiner-Falefa,635,2021,26,TEX,AL,158,677,74,172,25,3,8,53,28,2,90,11,1,2,11,20,5,0.271,0.312,0.358,0.67,*6/HD,0
153,David Fletcher,626,2021,27,LAA,AL,157,665,74,164,27,3,2,47,31,1,60,1,6,1,10,15,3,0.262,0.297,0.324,0.622,*46/H,0
154,J.P. Crawford,619,2021,26,SEA,AL,160,687,89,169,37,0,9,54,58,1,114,5,1,4,10,3,6,0.273,0.338,0.376,0.715,*6,0
155,Austin Riley,590,2021,24,ATL,NL,160,662,91,179,33,1,33,107,52,2,168,12,0,8,11,0,1,0.303,0.367,0.531,0.898,*53/H9,0
156,Dansby Swanson,588,2021,27,ATL,NL,160,653,78,146,33,2,27,88,52,4,167,5,1,7,7,9,3,0.248,0.311,0.449,0.76,*6/H,0
157,Ty France,571,2021,26,SEA,AL,152,650,85,166,32,1,18,73,46,1,106,27,0,6,13,0,0,0.291,0.368,0.445,0.813,*3D4/5H,0
158,Cesar Hernandez,570,2021,31,TOT,AL,149,637,84,132,21,2,21,62,59,2,135,5,0,3,11,1,1,0.232,0.308,0.386,0.694,*4/D6,0
159,Myles Straw,564,2021,26,TOT,AL,158,638,86,153,29,1,4,48,67,0,121,2,1,4,13,30,6,0.271,0.349,0.348,0.696,*8/H,0
160,Jeimer Candelario,557,2021,27,DET,AL,149,626,75,151,42,3,16,67,65,1,135,4,0,0,10,0,0,0.271,0.351,0.443,0.795,*5/D,0
161,Robbie Grossman,557,2021,31,DET,AL,156,671,88,133,23,3,23,67,98,3,155,8,2,6,8,20,5,0.239,0.357,0.415,0.772,79/DH,0
162,Nathaniel Lowe,557,2021,25,TEX,AL,157,642,75,147,24,3,18,72,80,2,162,2,0,3,13,8,0,0.264,0.357,0.415,0.771,*3/DH5,0
163,Trey Mancini,556,2021,29,BAL,AL,147,616,77,142,33,1,21,71,51,4,143,8,0,1,19,0,0,0.255,0.326,0.432,0.758,3D/H,0
164,Amed Rosario,550,2021,25,CLE,AL,141,588,77,155,25,6,11,57,31,0,120,3,0,4,12,13,0,0.282,0.321,0.409,0.731,*68/HD,0
165,Alex Verdugo,544,2021,25,BOS,AL,146,604,88,157,32,2,13,63,51,6,96,4,0,5,11,6,2,0.289,0.351,0.427,0.778,789/HD,0
166,Dylan Carlson,542,2021,22,STL,NL,149,619,79,144,31,4,18,65,57,2,152,11,1,8,5,2,1,0.266,0.343,0.437,0.78,98/7H,0
167,Yordan Álvarez,537,2021,24,HOU,AL,144,598,92,149,35,1,33,104,50,3,145,8,0,3,16,1,0,0.278,0.346,0.531,0.877,*D7/H,0
168,Ryan Mountcastle,534,2021,24,BAL,AL,144,586,77,136,23,1,33,89,41,2,161,4,0,7,12,4,3,0.255,0.309,0.487,0.796,3D7/H,0
169,Jonathan India,532,2021,24,CIN,NL,150,631,98,143,34,2,21,69,71,1,141,23,1,4,13,12,3,0.269,0.376,0.459,0.835,*4/H,0
170,Yuli Gurriel,530,2021,37,HOU,AL,143,605,83,169,31,0,15,81,59,2,68,4,0,12,16,1,1,0.319,0.384,0.462,0.846,*3/D5,0
171,Randy Arozarena,529,2021,26,TBR,AL,141,604,94,145,32,3,20,69,56,4,170,14,0,5,9,20,10,0.274,0.356,0.459,0.815,79D/H8,0
172,Ryan McMahon,528,2021,26,COL,NL,151,596,80,134,32,1,23,86,59,2,147,4,0,5,14,6,2,0.254,0.331,0.449,0.779,*54H,0
173,Hunter Renfroe,521,2021,29,BOS,AL,144,572,89,135,33,0,31,96,44,0,130,1,0,6,6,1,2,0.259,0.315,0.501,0.816,*9/8HD,0
174,Yoan Moncada,520,2021,26,CHW,AL,144,616,74,137,33,1,14,61,84,1,157,10,0,2,6,3,2,0.264,0.375,0.412,0.787,*5/D,0
175,Mark Canha,519,2021,32,OAK,AL,141,625,93,120,22,4,17,61,77,0,128,27,0,2,9,12,2,0.231,0.358,0.387,0.746,*798/D3H,0
176,Kevin Newman,517,2021,27,PIT,NL,148,554,50,117,22,3,5,39,27,3,41,1,6,3,7,6,1,0.226,0.265,0.31,0.574,*64H,0
177,Randal Grichuk,511,2021,29,TOR,AL,149,545,59,123,25,1,22,81,27,0,114,3,0,4,17,0,3,0.241,0.281,0.423,0.703,89D/H,0
178,Enrique Hernandez,508,2021,29,BOS,AL,134,585,84,127,35,3,20,60,61,0,110,9,0,7,4,1,0,0.25,0.337,0.449,0.786,*84/6H,0
179,Kyle Tucker,506,2021,24,HOU,AL,140,567,83,149,37,3,30,92,53,5,90,1,0,5,10,14,2,0.295,0.359,0.557,0.917,*9/8DH,0
180,Lourdes Gurriel Jr.,500,2021,27,TOR,AL,141,541,62,138,28,2,21,84,32,1,102,2,1,6,8,1,3,0.276,0.319,0.466,0.785,*7D3/H,0
181,Pavin Smith,498,2021,25,ARI,NL,145,545,68,133,27,4,11,49,42,1,106,4,0,1,11,1,0,0.267,0.328,0.404,0.732,398H7,0
182,Nicky Lopez,497,2021,26,KCR,AL,151,565,78,149,21,6,2,43,49,0,74,4,12,3,9,22,1,0.3,0.365,0.378,0.744,*6/4H,0
183,Miguel Rojas,495,2021,32,MIA,NL,132,539,66,131,30,3,9,48,37,0,74,5,1,1,10,13,3,0.265,0.322,0.392,0.714,*6/H,0
184,Andrew Benintendi,493,2021,26,KCR,AL,134,538,63,136,27,2,17,73,36,0,97,2,1,6,2,8,9,0.276,0.324,0.442,0.766,*7/H,0
185,Luis Urias,490,2021,24,MIL,NL,150,570,77,122,25,1,23,75,63,3,116,10,1,3,9,5,1,0.249,0.345,0.445,0.789,654H,0
186,Austin Hays,488,2021,25,BAL,AL,131,529,73,125,26,4,22,71,28,0,107,9,3,1,9,4,3,0.256,0.308,0.461,0.769,*79/H8,0
187,Hunter Dozier,487,2021,29,KCR,AL,144,543,55,105,27,6,16,54,43,0,154,7,0,6,12,5,4,0.216,0.286,0.394,0.68,9537D/H,0
188,David Peralta,487,2021,33,ARI,NL,150,538,57,126,30,8,8,63,46,3,92,3,0,2,9,2,1,0.259,0.325,0.403,0.728,*7H/1D,0
189,Raimel Tapia,487,2021,27,COL,NL,133,533,69,133,26,2,6,50,40,2,70,1,1,4,8,20,6,0.273,0.327,0.372,0.699,*7H/98,0
190,Josh Rojas,484,2021,27,ARI,NL,139,550,69,128,32,3,11,44,58,1,137,0,1,3,7,9,4,0.265,0.341,0.411,0.753,4697H5,0
191,Kyle Farmer,483,2021,30,CIN,NL,147,529,60,127,22,2,16,63,22,1,97,18,1,5,16,2,3,0.263,0.316,0.416,0.732,*65/4H37,0
192,Michael A. Taylor,483,2021,30,KCR,AL,142,528,58,118,16,1,12,54,33,0,144,5,2,5,9,14,7,0.244,0.297,0.356,0.653,*8/HD,0
193,Tyler O'Neill,482,2021,26,STL,NL,138,537,89,138,26,2,34,80,38,0,168,13,0,4,8,15,4,0.286,0.352,0.56,0.912,*7/HD,0
194,Tommy Pham,475,2021,33,SDP,NL,155,561,74,109,24,2,15,49,78,3,128,4,0,4,10,14,6,0.23,0.341,0.383,0.724,*7H8/D9,0
195,C.J. Cron,470,2021,31,COL,NL,142,547,70,132,31,1,28,92,60,3,117,13,0,4,11,1,0,0.281,0.375,0.53,0.905,*3H/D,0
196,Mike Yastrzemski,468,2021,30,SFG,NL,139,532,75,105,28,3,25,71,51,4,131,9,1,3,3,4,0,0.224,0.311,0.457,0.768,*98H,0
197,Yandy Díaz,465,2021,29,TBR,AL,134,541,62,119,20,1,13,64,69,4,85,3,0,4,11,1,1,0.256,0.353,0.387,0.74,35/HD4,0
198,Ian Happ,465,2021,26,CHC,NL,148,535,63,105,20,1,25,66,62,0,156,5,2,1,12,9,2,0.226,0.323,0.434,0.757,78H9/45D,0
199,Jazz Chisholm,464,2021,23,MIA,NL,124,507,70,115,20,4,18,53,34,0,145,4,2,3,3,23,8,0.248,0.303,0.425,0.728,*46/H,0
200,Trent Grisham,462,2021,24,SDP,NL,132,527,61,112,28,3,15,62,54,2,119,6,1,4,10,13,5,0.242,0.327,0.413,0.74,*8H,0
201,Nick Solak,458,2021,26,TEX,AL,127,511,57,111,18,2,11,49,34,0,107,15,2,2,11,7,5,0.242,0.314,0.362,0.677,*4/DH,0
202,Christian Vazquez,458,2021,30,BOS,AL,138,498,51,118,23,1,6,49,33,0,84,2,1,4,15,8,4,0.258,0.308,0.352,0.659,*2/HD453,0
203,Jonathan Villar,454,2021,30,NYM,NL,142,505,63,113,18,2,18,42,46,2,132,3,2,0,6,14,7,0.249,0.322,0.416,0.738,*56H/4,0
204,Garrett Hampson,453,2021,26,COL,NL,147,494,69,106,21,6,11,33,33,2,118,3,3,2,6,17,7,0.234,0.289,0.38,0.669,84H/65,0
205,Dominic Smith,446,2021,26,NYM,NL,145,493,43,109,20,0,11,58,32,2,112,9,0,6,13,2,1,0.244,0.304,0.363,0.668,*7H3/D,0
206,Kolten Wong,445,2021,30,MIL,NL,116,492,70,121,32,2,14,50,31,1,83,13,0,3,2,12,5,0.272,0.335,0.447,0.783,*4/H,0
207,Nick Ahmed,434,2021,31,ARI,NL,129,473,46,96,30,3,5,38,34,3,104,2,2,1,9,7,2,0.221,0.28,0.339,0.619,*6/H,0
208,Luis Arraez,428,2021,24,MIN,AL,121,479,58,126,17,6,2,42,43,2,48,2,0,6,9,2,2,0.294,0.357,0.376,0.733,547H/D,0
209,Max Kepler,426,2021,28,MIN,AL,121,490,61,90,21,4,19,54,54,3,96,6,0,4,2,10,0,0.211,0.306,0.413,0.719,*98/HD,0
210,Manuel Margot,421,2021,26,TBR,AL,125,464,55,107,18,3,10,57,37,2,70,1,1,4,4,13,8,0.254,0.313,0.382,0.696,*978H/D,0
211,Gio Urshela,420,2021,29,NYY,AL,116,442,42,112,18,2,14,49,20,0,109,1,0,1,16,1,0,0.267,0.301,0.419,0.72,*56/H,0
212,Franmil Reyes,418,2021,25,CLE,AL,115,466,57,106,18,2,30,85,43,3,149,2,0,3,13,4,1,0.254,0.324,0.522,0.846,*D9/H,0
213,Bobby Dalbec,417,2021,26,BOS,AL,133,453,50,100,21,5,25,78,28,1,156,7,0,1,3,2,0,0.24,0.298,0.494,0.792,*35H/6D,0
214,Andrew Vaughn,417,2021,23,CHW,AL,127,469,56,98,22,0,15,48,41,0,101,6,0,5,14,1,1,0.235,0.309,0.396,0.705,*793/HD54,0
215,Leury Garcia,415,2021,30,CHW,AL,126,474,60,111,22,4,5,54,41,0,97,4,9,5,12,6,2,0.268,0.336,0.376,0.711,497865/H,0
216,Will Smith,414,2021,26,LAD,NL,130,501,71,107,19,2,25,76,58,4,101,18,0,11,11,3,0,0.259,0.365,0.495,0.861,*2H/D35,0
217,Akil Baddoo,413,2021,22,DET,AL,124,461,60,107,20,7,13,55,45,1,122,0,0,3,5,18,4,0.259,0.33,0.436,0.766,87H/9D,0
218,Willi Castro,413,2021,24,DET,AL,125,450,56,91,15,6,9,38,23,1,109,8,3,3,5,9,4,0.22,0.273,0.351,0.624,*467H/D,0
219,Andrelton Simmons,412,2021,31,MIN,AL,131,451,37,92,12,0,3,31,32,0,62,3,3,1,14,1,0,0.223,0.284,0.274,0.558,*6/H,0
220,Tyler Naquin,411,2021,30,CIN,NL,127,454,52,111,24,2,19,70,35,1,106,5,0,3,9,5,3,0.27,0.333,0.477,0.81,*879H,0
221,Anthony Santander,406,2021,26,BAL,AL,110,438,54,98,24,0,18,50,23,0,101,4,1,4,11,1,1,0.241,0.286,0.434,0.72,*9D/H7,0
222,Christian Walker,401,2021,30,ARI,NL,115,445,55,98,23,1,10,46,38,1,106,4,0,2,8,0,0,0.244,0.315,0.382,0.696,*3H/D,0
223,Sean Murphy,393,2021,26,OAK,AL,119,448,47,85,23,0,17,59,40,0,114,12,0,3,7,0,0,0.216,0.306,0.405,0.71,*2/HD,0
224,Wilmer Flores,389,2021,29,SFG,NL,139,436,57,102,16,1,18,53,41,0,56,3,0,3,11,1,0,0.262,0.335,0.447,0.782,5H34/D,0
225,Rhys Hoskins,389,2021,28,PHI,NL,107,443,64,96,29,0,27,71,47,0,108,5,0,2,7,3,2,0.247,0.334,0.53,0.864,*3/HD,0
226,Brendan Rodgers,387,2021,24,COL,NL,102,415,49,110,21,3,15,51,19,0,84,7,0,2,8,0,0,0.284,0.328,0.47,0.798,*46/H,0
227,Alec Bohm,380,2021,24,PHI,NL,115,417,46,94,15,0,7,47,31,0,111,2,0,4,12,4,0,0.247,0.305,0.342,0.647,*5/H3,0
228,Pedro Severino,379,2021,27,BAL,AL,113,419,32,94,18,0,11,46,34,1,109,1,0,5,9,0,0,0.248,0.308,0.383,0.691,*2/DH,0
229,Maikel Franco,377,2021,28,BAL,AL,104,403,31,79,22,0,11,47,20,0,67,3,0,3,12,0,0,0.21,0.253,0.355,0.609,*5/HD3,0
230,Jacob Stallings,374,2021,31,PIT,NL,112,427,38,92,20,1,8,53,49,0,85,2,0,2,10,0,0,0.246,0.335,0.369,0.704,*2/H3,0
231,Martin Maldonado,373,2021,34,HOU,AL,125,426,40,64,10,1,12,36,47,1,127,5,0,1,9,0,0,0.172,0.272,0.3,0.573,*2/3H,0
232,Didi Gregorius,368,2021,31,PHI,NL,103,408,35,77,16,2,13,54,25,1,67,8,0,7,8,3,0,0.209,0.27,0.37,0.639,*6/H,0
233,Harrison Bader,367,2021,27,STL,NL,103,401,45,98,21,1,16,50,27,6,85,5,0,2,4,9,4,0.267,0.324,0.461,0.785,*8,0
234,Willy Adames,365,2021,25,MIL,NL,99,413,61,104,26,0,20,58,47,1,105,0,0,1,8,4,2,0.285,0.366,0.521,0.886,*6/HD,0
235,Ke'Bryan Hayes,362,2021,24,PIT,NL,96,396,49,93,20,2,6,38,31,0,87,1,0,2,11,9,1,0.257,0.316,0.373,0.689,*5/H,0
236,Jurickson Profar,353,2021,28,SDP,NL,137,412,47,80,17,2,4,33,49,1,65,6,1,2,12,10,5,0.227,0.329,0.32,0.649,7H9384,0
237,Eric Haase,351,2021,28,DET,AL,98,381,48,81,12,1,22,61,26,0,119,2,0,2,11,2,0,0.231,0.286,0.459,0.745,*27D/H3,0
238,Tyler Stephenson,350,2021,24,CIN,NL,132,402,56,100,21,0,10,45,41,1,75,6,0,5,11,0,0,0.286,0.366,0.431,0.797,2H3/7,0
239,Tucker Barnhart,348,2021,30,CIN,NL,116,388,41,86,21,0,7,48,29,1,100,8,0,3,8,0,0,0.247,0.317,0.368,0.685,*2H/3,0
240,Kevin Kiermaier,348,2021,31,TBR,AL,122,390,54,90,19,7,4,37,33,2,99,5,0,4,4,9,5,0.259,0.328,0.388,0.716,*8/HD,0
241,Luis Torrens,346,2021,25,SEA,AL,108,378,39,84,16,2,15,47,28,1,99,1,0,3,8,0,0,0.243,0.299,0.431,0.73,D2H/35,0
242,Phil Gosselin,345,2021,32,LAA,AL,104,373,40,90,14,0,7,47,24,0,81,3,0,1,3,4,2,0.261,0.314,0.362,0.676,753H/4D9,0
243,Ramon Laureano,341,2021,26,OAK,AL,88,378,43,84,21,2,14,39,27,0,98,9,0,1,4,12,5,0.246,0.318,0.443,0.76,*8/9DH,0
244,Harold Ramirez,339,2021,26,CLE,AL,99,361,33,91,21,1,7,41,14,1,56,5,0,3,10,3,1,0.268,0.305,0.398,0.703,798/HD3,0
245,Elias Diaz,338,2021,30,COL,NL,106,371,52,83,18,1,18,44,30,1,60,2,0,1,15,0,0,0.246,0.31,0.465,0.775,*2H,0
246,Patrick Wisdom,338,2021,29,CHC,NL,106,375,54,78,13,0,28,61,32,1,153,4,0,0,7,4,1,0.231,0.305,0.518,0.823,*57H3/9,0
247,Jarred Kelenic,337,2021,21,SEA,AL,93,377,41,61,13,1,14,43,36,0,106,3,0,1,5,6,4,0.181,0.265,0.35,0.615,*87/9H,0
248,Gregory Polanco,336,2021,29,PIT,NL,107,382,38,70,12,2,11,36,36,2,104,2,0,8,8,14,1,0.208,0.283,0.354,0.637,*9H,0
249,LaMonte Wade Jr,336,2021,27,SFG,NL,109,381,52,85,17,3,18,56,33,1,89,5,4,3,3,6,1,0.253,0.326,0.482,0.808,973H/8,0
250,Gavin Lux,335,2021,23,LAD,NL,102,381,49,81,12,4,7,46,41,3,83,3,0,2,3,4,1,0.242,0.328,0.364,0.692,647/8H95,0
251,Abraham Toro,335,2021,24,TOT,AL,95,375,45,80,12,0,11,46,31,0,54,7,0,2,5,6,3,0.239,0.315,0.373,0.688,45/H3,0
252,Dylan Moore,332,2021,28,SEA,AL,126,377,42,60,11,2,12,43,40,0,111,4,0,1,6,21,5,0.181,0.276,0.334,0.61,47H5/96D,0
253,Brad Miller,331,2021,31,PHI,NL,140,377,53,75,9,3,20,49,45,2,112,1,0,0,7,3,0,0.227,0.321,0.453,0.774,3H94/57D,0
254,Tony Kemp,330,2021,29,OAK,AL,131,397,54,92,16,3,8,37,52,0,51,6,4,5,2,8,2,0.279,0.382,0.418,0.8,*47H/D6,0
255,Ben Gamel,326,2021,29,PIT,NL,111,383,42,83,17,3,8,26,48,2,99,3,2,4,6,3,6,0.255,0.352,0.399,0.751,7H98/3,0
256,Brandon Nimmo,325,2021,28,NYM,NL,92,386,51,95,17,3,8,28,54,0,79,5,2,0,3,5,4,0.292,0.401,0.437,0.838,*87/H,0
257,Kevin Pillar,325,2021,32,NYM,NL,124,347,40,75,11,2,15,47,11,0,81,10,0,1,5,4,3,0.231,0.277,0.415,0.692,87H9/1,0
258,Rougned Odor,322,2021,27,NYY,AL,102,361,42,65,12,0,15,39,27,2,100,11,1,0,3,0,1,0.202,0.286,0.379,0.665,*45/H,0
259,Colin Moran,318,2021,28,PIT,NL,99,359,29,82,12,0,10,50,36,0,87,2,0,3,6,1,0,0.258,0.334,0.39,0.724,*3H/D5,0
260,Ronald Torreyes,318,2021,28,PHI,NL,111,344,30,77,10,1,7,41,19,2,41,1,5,1,7,2,1,0.242,0.286,0.346,0.632,56H4/18,0
261,Harold Castro,315,2021,27,DET,AL,106,339,35,89,13,1,3,37,14,0,72,1,4,5,7,1,1,0.283,0.31,0.359,0.669,643H5/718D,0
262,Victor Robles,315,2021,24,WSN,NL,107,369,37,64,21,1,2,19,33,3,85,16,4,1,7,8,6,0.203,0.31,0.295,0.605,*8/H,0
263,Victor Caratini,313,2021,27,SDP,NL,116,356,33,71,9,0,7,39,35,8,82,4,0,4,13,2,0,0.227,0.309,0.323,0.632,*2H/35,0
264,Juan Lagares,309,2021,32,LAA,AL,112,327,39,73,20,2,6,38,12,0,76,1,4,1,8,1,2,0.236,0.266,0.372,0.639,897/H,0
265,Jorge Soler,308,2021,29,KCR,AL,94,360,38,59,16,0,13,37,38,0,97,5,0,3,9,0,0,0.192,0.288,0.37,0.658,9D/H,0
266,Donovan Solano,307,2021,33,SFG,NL,101,344,35,86,17,0,7,31,25,2,58,7,1,4,8,2,0,0.28,0.344,0.404,0.748,*4H/6,0
267,Guillermo Heredia,305,2021,30,ATL,NL,120,347,46,67,26,0,5,26,32,3,81,9,0,1,5,0,0,0.22,0.311,0.354,0.665,*87H,0
268,Carson Kelly,304,2021,26,ARI,NL,98,359,41,73,11,1,13,46,44,1,74,6,0,5,10,0,0,0.24,0.343,0.411,0.754,*2H,0
269,Yonathan Daza,301,2021,27,COL,NL,107,331,26,85,12,2,2,30,21,0,60,2,6,1,9,2,1,0.282,0.332,0.356,0.688,8H97,0
270,Bradley Zimmer,299,2021,28,CLE,AL,99,348,44,68,9,1,8,35,30,0,122,15,0,4,3,15,3,0.227,0.325,0.345,0.669,89/H7D,0
271,Rafael Ortega,296,2021,30,CHC,NL,103,330,44,86,14,2,11,33,30,1,70,2,2,0,3,12,6,0.291,0.36,0.463,0.823,*8H79,0
272,Jorge Alfaro,295,2021,28,MIA,NL,92,311,22,72,15,1,4,30,11,0,99,5,0,0,8,8,1,0.244,0.283,0.342,0.625,27H/3,0
273,David Bote,291,2021,28,CHC,NL,97,327,32,58,10,2,8,35,27,0,73,5,1,3,13,0,1,0.199,0.276,0.33,0.606,45H/D,0
274,Niko Goodrum,290,2021,29,DET,AL,90,325,39,62,11,2,9,33,29,0,107,4,0,2,6,14,5,0.214,0.292,0.359,0.651,*6H/4873D,0
275,Matt Duffy,289,2021,30,CHC,NL,97,322,45,83,12,0,5,30,25,0,63,7,0,1,16,8,1,0.287,0.357,0.381,0.738,5H4/6731,0
276,Edmundo Sosa,288,2021,25,STL,NL,113,326,39,78,8,4,6,27,17,2,63,17,1,2,8,4,4,0.271,0.346,0.389,0.735,64H/58,0
277,Austin Hedges,286,2021,28,CLE,AL,88,312,32,51,7,0,10,31,15,1,87,1,7,3,7,1,0,0.178,0.22,0.308,0.527,*2/H,0
278,Jose Trevino,285,2021,28,TEX,AL,89,302,23,68,14,0,5,30,12,1,57,0,2,3,13,1,1,0.239,0.267,0.34,0.607,*2/H,0
279,Chas McCormick,284,2021,26,HOU,AL,108,320,47,73,12,0,14,50,25,0,104,4,0,7,5,4,2,0.257,0.319,0.447,0.766,789H/D,0
280,Daulton Varsho,284,2021,24,ARI,NL,95,315,41,70,17,2,11,38,30,3,67,0,1,0,4,6,0,0.247,0.319,0.437,0.755,28H79,0
281,Alex Dickerson,283,2021,31,SFG,NL,111,312,37,66,10,2,13,38,23,1,76,6,0,0,7,1,0,0.233,0.305,0.421,0.725,*7H/D,0
282,Eddie Rosario,283,2021,29,CLE,AL,78,306,29,72,15,1,7,46,17,0,47,1,2,3,3,9,2,0.254,0.296,0.389,0.685,*7/D,0
283,Jake Bauers,282,2021,25,TOT,AL,115,315,27,59,7,0,4,19,30,1,78,2,0,0,1,6,1,0.209,0.29,0.277,0.566,3H97/D,0
284,Max Stassi,282,2021,30,LAA,AL,87,319,45,68,11,1,13,35,28,0,101,8,0,1,8,0,0,0.241,0.326,0.426,0.752,*2/H,0
285,Seth Brown,281,2021,28,OAK,AL,111,307,43,60,13,1,20,48,23,2,89,1,0,2,1,4,1,0.214,0.274,0.48,0.754,*9H7/D38,0
286,Wander Franco,281,2021,20,TBR,AL,70,308,53,81,18,5,7,39,24,0,37,2,0,1,2,2,1,0.288,0.347,0.463,0.81,*6/54,0
287,Tom Murphy,277,2021,30,SEA,AL,97,325,35,56,8,0,11,34,40,0,99,2,0,3,8,0,0,0.202,0.304,0.35,0.655,*2H/D,0
288,Marwin Gonzalez,276,2021,32,TOT,AL,91,307,30,55,14,0,5,28,20,0,78,9,1,1,8,3,2,0.199,0.275,0.304,0.579,4367H5/9D1,0
289,Luis Robert,275,2021,23,CHW,AL,68,296,42,93,22,1,13,43,14,1,61,5,0,2,4,6,1,0.338,0.378,0.567,0.946,*8/D,0
290,Lewis Brinson,274,2021,27,MIA,NL,89,290,24,62,14,0,9,33,13,0,72,1,1,1,5,1,1,0.226,0.263,0.376,0.639,78H/9,0
291,Austin Slater,274,2021,28,SFG,NL,129,306,39,66,12,1,12,32,28,2,84,4,0,0,7,15,2,0.241,0.32,0.423,0.744,8H79/1D,0
292,Josh VanMeter,274,2021,26,ARI,NL,112,310,26,58,17,2,6,36,33,0,83,1,0,2,5,3,2,0.212,0.297,0.354,0.651,4H5/379,0
293,Kelvin Gutierrez,272,2021,26,TOT,AL,85,295,23,63,8,3,3,20,19,0,76,4,0,0,4,0,1,0.232,0.292,0.316,0.608,*5/H34,0
294,Joshua Fuentes,271,2021,28,COL,NL,95,284,30,61,11,1,7,33,12,1,65,0,0,1,5,0,0,0.225,0.257,0.351,0.608,53H/71,0
295,DJ Stewart,270,2021,27,BAL,AL,100,318,39,55,10,0,12,33,44,1,89,4,0,0,3,0,0,0.204,0.324,0.374,0.698,79HD,0
296,Steven Duggar,268,2021,27,SFG,NL,107,297,45,69,14,5,8,35,27,3,88,2,0,0,4,7,0,0.258,0.33,0.437,0.767,*8H/79,0
297,Ryan Jeffers,267,2021,24,MIN,AL,85,293,28,53,10,1,14,35,22,0,108,4,0,0,6,0,1,0.199,0.27,0.401,0.67,*2/H,0
298,Ha-Seong Kim,267,2021,25,SDP,NL,117,298,27,54,12,2,8,34,22,1,71,4,2,3,6,6,1,0.202,0.27,0.352,0.622,H654,0
299,Jack Mayfield,266,2021,30,TOT,AL,86,290,30,58,15,0,10,39,17,0,68,3,3,1,6,5,0,0.218,0.272,0.387,0.659,*56/4H1,0
300,Jonah Heim,265,2021,26,TEX,AL,82,285,22,52,13,0,10,32,15,0,58,1,1,3,8,3,1,0.196,0.239,0.359,0.598,*2/HD,0
301,Billy McKinney,265,2021,26,TOT,NL,116,300,32,51,11,3,9,27,32,2,79,1,0,2,3,2,0,0.193,0.28,0.359,0.639,9H73/8,0
302,Yadiel Hernández,264,2021,33,WSN,NL,112,289,33,72,8,1,9,32,22,1,59,1,0,2,11,3,0,0.273,0.329,0.413,0.742,H79,0
303,Darin Ruf,262,2021,34,SFG,NL,117,312,41,71,13,2,16,43,46,2,87,3,0,1,8,2,0,0.271,0.385,0.519,0.904,H37/9D1,0
304,Ramon Urias,262,2021,27,BAL,AL,85,296,33,73,14,0,7,38,28,0,76,6,0,0,3,1,2,0.279,0.362,0.412,0.774,645/H,0
305,Willie Calhoun,260,2021,26,TEX,AL,75,284,26,65,10,3,6,25,21,0,34,2,0,1,6,0,2,0.25,0.31,0.381,0.691,7D/H,0
306,Trevor Larnach,260,2021,24,MIN,AL,79,301,29,58,12,0,7,28,31,0,104,8,0,2,3,1,0,0.223,0.322,0.35,0.672,*79/H,0
307,Jace Peterson,259,2021,31,MIL,NL,94,302,36,64,11,1,6,31,38,0,68,3,0,2,1,10,1,0.247,0.348,0.367,0.715,43H975/16,0
308,Pat Valaika,259,2021,28,BAL,AL,90,281,17,52,8,0,5,25,16,0,76,2,1,3,4,1,1,0.201,0.25,0.29,0.54,*46/H3715,0
309,Ji-Man Choi,258,2021,30,TBR,AL,83,305,36,59,14,0,11,45,45,0,87,2,0,0,5,0,0,0.229,0.348,0.411,0.758,*3H/D,0
310,Adam Eaton,254,2021,32,TOT,AL,83,288,38,51,10,2,6,30,22,0,71,7,4,1,6,3,0,0.201,0.282,0.327,0.609,*9H/731,0
311,Andy Ibáñez,253,2021,28,TEX,AL,76,272,31,70,15,2,7,25,15,0,35,2,1,1,6,0,0,0.277,0.321,0.435,0.756,4D35H/7,0
312,Brett Phillips,253,2021,27,TBR,AL,118,292,50,52,9,4,13,44,33,0,113,2,2,2,3,14,3,0.206,0.3,0.427,0.727,89H7/D1,0
313,Cavan Biggio,250,2021,26,TOR,AL,79,294,27,56,10,1,7,27,37,2,78,1,1,4,4,3,1,0.224,0.322,0.356,0.678,59/34HD7,0
314,Francisco Mejia,250,2021,25,TBR,AL,84,277,31,65,15,3,6,35,17,0,49,7,1,2,4,0,0,0.26,0.323,0.416,0.739,*2/HD31,0
315,Freddy Galvis,249,2021,31,BAL,AL,72,274,36,62,12,1,9,26,18,1,58,3,2,1,5,1,0,0.249,0.306,0.414,0.72,*6/H,0
316,Charlie Culberson,247,2021,32,TEX,AL,90,271,23,60,15,2,5,22,17,1,64,2,4,1,3,7,1,0.243,0.296,0.381,0.677,*5H/73461D9,0
317,Bobby Bradley,245,2021,25,CLE,AL,74,279,36,51,10,0,16,41,25,1,99,6,0,3,3,0,0,0.208,0.294,0.445,0.739,*3/DH,0
318,Tyrone Taylor,243,2021,27,MIL,NL,93,271,33,60,9,3,12,43,20,1,59,7,0,1,6,6,1,0.247,0.321,0.457,0.778,79H8,0
319,Hanser Alberto,241,2021,28,KCR,AL,103,255,25,65,20,3,2,24,4,0,26,4,4,2,1,3,1,0.27,0.291,0.403,0.693,54H6D/1,0
320,Yermin Mercedes,240,2021,28,CHW,AL,68,262,26,65,9,1,7,37,20,1,46,1,0,1,7,0,1,0.271,0.328,0.404,0.732,*D/H231,0
321,Isan Diaz,238,2021,25,MIA,NL,89,278,25,46,9,0,4,17,34,6,73,1,1,3,2,1,1,0.193,0.294,0.282,0.575,54H,0
322,Yu Chang,237,2021,25,CLE,AL,89,251,32,54,14,3,9,39,11,0,69,2,0,1,4,1,0,0.228,0.267,0.426,0.693,35H/46,0
323,Luis Garcia,236,2021,21,WSN,NL,70,247,29,57,18,2,6,22,11,1,43,0,0,0,8,0,2,0.242,0.275,0.411,0.686,*4/6H,0
324,Brandon Marsh,236,2021,23,LAA,AL,70,260,27,60,12,3,2,19,20,0,91,2,1,1,3,6,1,0.254,0.317,0.356,0.673,*8,0
325,Ryan O'Hearn,236,2021,27,KCR,AL,84,254,23,53,5,1,9,29,13,0,71,2,0,3,7,0,0,0.225,0.268,0.369,0.636,D93H/7,0
326,Byron Buxton,235,2021,27,MIN,AL,61,254,50,72,23,0,19,32,13,0,62,6,0,0,0,9,1,0.306,0.358,0.647,1.005,*8/H,0
327,Brian Goodwin,235,2021,30,CHW,AL,72,271,33,52,10,1,8,29,33,0,58,1,1,1,2,1,0,0.221,0.319,0.375,0.693,98/7HD,0
328,Brian Anderson,233,2021,28,MIA,NL,67,264,24,58,9,0,7,28,26,2,65,5,0,0,4,5,0,0.249,0.337,0.378,0.715,*5/H6,0
329,Jon Berti,233,2021,31,MIA,NL,85,271,35,49,10,1,4,19,32,0,61,3,1,2,7,8,4,0.21,0.311,0.313,0.624,54H/7869,0
330,Josh Naylor,233,2021,24,CLE,AL,69,250,28,59,13,0,7,21,14,1,45,2,0,0,7,1,0,0.253,0.301,0.399,0.7,*93/DH,0
331,Dom Nunez,228,2021,26,COL,NL,81,263,31,43,12,3,10,33,34,4,91,0,0,1,0,0,0,0.189,0.293,0.399,0.692,*2/H3,0
332,Jesus Sanchez,227,2021,23,MIA,NL,64,251,27,57,8,2,14,36,20,3,78,3,0,1,2,0,1,0.251,0.319,0.489,0.808,97/H,0
333,Lane Thomas,226,2021,25,TOT,NL,77,264,35,53,15,2,7,28,37,1,63,0,0,1,6,6,3,0.235,0.341,0.412,0.752,8H79/4,0
334,Santiago Espinal,222,2021,26,TOR,AL,92,246,32,69,13,1,2,17,22,0,30,1,1,0,4,6,1,0.311,0.376,0.405,0.781,*5H/D,0
335,Frank Schwindel,222,2021,29,CHC,NL,56,239,42,76,19,1,13,40,16,2,36,1,0,0,4,2,1,0.342,0.389,0.613,1.002,*3/HD,0
336,Sergio Alcantara,220,2021,24,CHC,NL,89,255,30,45,6,3,5,17,30,2,74,2,1,2,3,3,0,0.205,0.303,0.327,0.63,64H/51,0
337,Erik Gonzalez,220,2021,29,PIT,NL,71,229,17,51,7,1,2,21,8,0,40,0,0,1,4,2,2,0.232,0.258,0.3,0.558,563H,0
338,Wilmer Difo,219,2021,29,PIT,NL,116,240,25,59,7,3,4,24,20,0,54,0,0,1,2,1,0,0.269,0.329,0.384,0.713,H45/9681,0
339,Carter Kieboom,217,2021,23,WSN,NL,62,249,26,45,6,0,6,20,25,2,62,5,0,2,9,0,0,0.207,0.301,0.318,0.619,*5/H,0
340,Garrett Cooper,215,2021,30,MIA,NL,71,250,30,61,10,1,9,33,30,0,68,4,0,1,6,1,1,0.284,0.38,0.465,0.845,93H/D,0
341,Alex Kirilloff,215,2021,23,MIN,AL,59,231,23,54,11,1,8,34,14,2,52,1,0,1,3,1,1,0.251,0.299,0.423,0.722,397/H,0
342,Phillip Evans,214,2021,28,PIT,NL,76,247,23,44,5,0,5,16,28,1,53,5,0,0,3,1,0,0.206,0.312,0.299,0.611,H3795/1D,0
343,Jake Fraley,214,2021,26,SEA,AL,78,265,27,45,7,0,9,36,46,1,71,2,1,2,3,10,2,0.21,0.352,0.369,0.722,7H8/D9,0
344,Sam Hilliard,214,2021,27,COL,NL,81,238,32,46,7,2,14,34,23,3,87,1,0,0,0,5,0,0.215,0.294,0.463,0.757,8H79/D,0
345,Oscar Mercado,214,2021,26,CLE,AL,72,238,27,48,11,1,6,19,21,0,42,2,1,0,1,7,1,0.224,0.3,0.369,0.669,79H/8,0
346,Chad Pinder,214,2021,29,OAK,AL,75,233,30,52,16,1,6,27,16,0,62,2,0,1,6,1,0,0.243,0.3,0.411,0.712,97H/645D,0
347,Eloy Jimenez,213,2021,24,CHW,AL,55,231,23,53,10,0,10,37,16,0,57,1,0,1,8,0,0,0.249,0.303,0.437,0.74,*7D,0
348,Luke Voit,213,2021,30,NYY,AL,68,241,26,51,7,1,11,35,21,0,74,7,0,0,12,0,0,0.239,0.328,0.437,0.764,3HD,0
349,Michael Perez,210,2021,28,PIT,NL,70,231,19,30,8,1,7,21,19,1,68,2,0,0,4,0,1,0.143,0.221,0.291,0.511,*2H/3,0
350,Travis d'Arnaud,209,2021,32,ATL,NL,60,229,21,46,14,0,7,26,17,0,53,2,0,1,7,0,0,0.22,0.284,0.388,0.671,*2/HD,0
351,Victor Reyes,209,2021,26,DET,AL,76,220,26,54,10,4,5,22,8,0,55,0,2,1,2,5,1,0.258,0.284,0.416,0.701,98H/D7,0
352,Magneuris Sierra,209,2021,25,MIA,NL,123,225,27,48,6,1,0,5,15,4,50,0,1,0,1,11,0,0.23,0.281,0.268,0.549,H87/9,0
353,Willians Astudillo,208,2021,29,MIN,AL,72,216,17,49,8,0,7,21,3,0,12,4,0,1,12,0,0,0.236,0.259,0.375,0.634,532/H419,0
354,Jorge Soler,208,2021,29,ATL,NL,55,242,36,56,11,0,14,33,29,0,45,1,0,2,3,0,0,0.269,0.358,0.524,0.882,*9/HD,0
355,Taylor Ward,208,2021,27,LAA,AL,65,237,33,52,15,0,8,33,20,0,55,6,2,1,4,1,1,0.25,0.332,0.438,0.769,*978/2H,0
356,Mitch Garver,207,2021,30,MIN,AL,68,243,29,53,15,0,13,34,31,0,71,3,0,2,4,1,1,0.256,0.358,0.517,0.875,*2H/3D,0
357,Matt Beaty,204,2021,28,LAD,NL,120,234,35,55,4,1,7,40,20,0,44,10,0,0,3,2,2,0.27,0.363,0.402,0.765,H739/5D,0
358,Sandy Leon,202,2021,32,MIA,NL,83,220,15,37,5,0,4,14,12,0,65,3,1,2,2,0,0,0.183,0.237,0.267,0.505,*2H/1D5,0
359,Austin Barnes,200,2021,31,LAD,NL,77,225,28,43,8,0,6,23,20,1,56,4,1,0,6,1,0,0.215,0.299,0.345,0.644,*2H/4D,0
360,Curt Casali,200,2021,32,SFG,NL,77,231,20,42,11,1,5,26,26,4,66,4,1,0,3,0,0,0.21,0.313,0.35,0.663,*2H/3,0
361,Nick Gordon,200,2021,25,MIN,AL,73,216,19,48,9,1,4,23,12,0,55,3,0,1,7,10,1,0.24,0.292,0.355,0.647,846H7/59,0
362,Nick Madrigal,200,2021,24,CHW,AL,54,215,30,61,10,4,2,21,11,0,17,3,0,1,3,1,2,0.305,0.349,0.425,0.774,*4/HD,0
363,Bryan De La Cruz,199,2021,24,MIA,NL,58,219,17,59,7,2,5,19,18,1,53,1,0,1,8,1,1,0.297,0.356,0.427,0.783,897/H,0
364,Reese McGuire,198,2021,26,TOR,AL,78,217,22,50,15,0,1,10,15,0,44,2,1,1,4,0,0,0.253,0.31,0.343,0.654,*2/HD,0
365,Eli White,198,2021,27,TEX,AL,64,220,26,35,6,1,6,15,18,0,66,4,0,0,2,4,3,0.177,0.259,0.308,0.567,789/H4D,0
366,DJ Peters,197,2021,25,TEX,AL,52,206,24,39,7,1,12,34,4,0,68,2,0,3,4,2,0,0.198,0.218,0.426,0.645,789/HD,0
367,Zack Collins,195,2021,26,CHW,AL,78,231,25,41,13,0,4,26,34,1,69,1,1,0,4,1,1,0.21,0.33,0.339,0.669,*2H/D3,0
368,Kyle Higashioka,193,2021,31,NYY,AL,67,211,20,35,10,0,10,29,17,0,59,0,0,1,4,0,0,0.181,0.246,0.389,0.635,*2/H,0
369,Andrew Stevenson,192,2021,27,WSN,NL,109,213,22,44,6,0,5,23,13,2,61,5,2,1,3,1,1,0.229,0.294,0.339,0.632,H879,0
370,Owen Miller,191,2021,24,CLE,AL,60,202,17,39,8,0,4,18,9,0,54,1,0,1,7,2,0,0.204,0.243,0.309,0.552,43/5HD6,0
371,Brent Rooker,189,2021,26,MIN,AL,58,213,25,38,10,0,9,16,15,0,70,9,0,0,1,0,0,0.201,0.291,0.397,0.688,7D/9H,0
372,Andres Gimenez,188,2021,22,CLE,AL,68,210,23,41,10,0,5,16,11,0,54,7,1,3,1,11,0,0.218,0.282,0.351,0.633,64/HD,0
373,Danny Jansen,184,2021,26,TOR,AL,70,205,32,41,13,0,11,28,17,0,44,3,1,0,4,0,0,0.223,0.299,0.473,0.772,*2/H,0
374,Clint Frazier,183,2021,26,NYY,AL,66,218,20,34,9,0,5,15,32,0,65,3,0,0,8,2,0,0.186,0.317,0.317,0.633,79/H,0
375,Ehire Adrianza,182,2021,31,ATL,NL,109,209,32,45,9,2,5,28,21,0,42,2,1,3,4,0,0,0.247,0.327,0.401,0.728,*H59/4768D,0
376,Manny Pina,180,2021,34,MIL,NL,75,208,27,34,6,0,13,33,22,0,38,5,0,1,4,0,0,0.189,0.293,0.439,0.732,*2H,0
377,J.D. Davis,179,2021,28,NYM,NL,73,211,18,51,12,0,5,23,24,1,68,6,0,2,4,1,0,0.285,0.384,0.436,0.82,*5H/D,0
378,Connor Joe,179,2021,28,COL,NL,63,211,23,51,9,0,8,35,26,0,41,3,0,3,1,0,0,0.285,0.379,0.469,0.848,7H3/D,0
379,Travis Shaw,178,2021,31,MIL,NL,56,202,14,34,8,0,6,28,19,0,51,3,1,1,2,0,0,0.191,0.279,0.337,0.616,*53/H,0
380,Jake Marisnick,176,2021,30,TOT,NL,99,198,21,38,7,3,5,24,11,0,65,7,2,2,4,4,1,0.216,0.286,0.375,0.661,8H7/9,0
381,Mauricio Dubon,175,2021,26,SFG,NL,74,187,20,42,9,0,5,22,9,2,41,1,0,2,5,2,1,0.24,0.278,0.377,0.655,86H45,0
382,Aristides Aquino,174,2021,27,CIN,NL,84,204,25,33,6,1,10,23,27,2,75,1,0,2,0,2,2,0.19,0.299,0.408,0.707,7H98,0
383,Luis Rengifo,174,2021,24,LAA,AL,54,190,22,35,1,0,6,18,9,0,38,2,3,2,3,1,0,0.201,0.246,0.31,0.556,695/H47,0
384,Leody Taveras,174,2021,22,TEX,AL,49,185,14,28,6,2,3,9,9,0,60,1,1,0,3,10,1,0.161,0.207,0.27,0.477,*8/H,0
385,Keston Hiura,173,2021,24,MIL,NL,61,197,16,29,9,1,4,19,14,0,77,7,2,1,6,3,0,0.168,0.256,0.301,0.557,*3H/47,0
386,Austin Nola,173,2021,31,SDP,NL,56,194,15,47,12,0,2,29,14,0,19,5,0,2,2,0,1,0.272,0.34,0.376,0.716,*2/H43,0
387,Stephen Piscotty,173,2021,30,OAK,AL,72,188,14,38,8,0,5,16,13,0,48,2,0,0,2,1,0,0.22,0.282,0.353,0.635,*9H/D,0
388,Ryan McKenna,169,2021,24,BAL,AL,90,197,20,31,6,1,2,14,24,0,74,2,2,0,1,1,0,0.183,0.292,0.266,0.559,7H98/D45,0
389,Eric Sogard,169,2021,35,CHC,NL,78,180,16,42,6,1,1,12,9,1,30,0,0,2,5,3,1,0.249,0.283,0.314,0.597,4H5/163,0
390,Jose Rojas,168,2021,28,LAA,AL,61,184,26,35,14,0,6,15,15,0,50,1,0,0,2,2,1,0.208,0.277,0.399,0.676,945H/73D,0
391,Kole Calhoun,166,2021,33,ARI,NL,51,182,17,39,8,0,5,17,15,0,41,0,0,1,2,1,0,0.235,0.297,0.374,0.67,*9H/D,0
392,Alejandro Kirk,165,2021,22,TOR,AL,60,189,19,40,8,0,8,24,19,0,22,3,0,2,7,0,0,0.242,0.328,0.436,0.764,*2/HD,0
393,Nomar Mazara,165,2021,26,DET,AL,50,181,12,35,5,2,3,19,15,0,45,0,0,1,4,0,0,0.212,0.276,0.321,0.597,*9/DH,0
394,Christian Arroyo,164,2021,26,BOS,AL,57,181,22,43,12,0,6,25,8,0,44,7,1,0,1,1,0,0.262,0.324,0.445,0.769,*4H/6D31,0
395,Jake Cave,164,2021,28,MIN,AL,76,178,14,31,6,1,3,13,10,0,62,3,1,0,0,1,1,0.189,0.249,0.293,0.541,78H9/D,0
396,Danny Mendick,164,2021,27,CHW,AL,71,186,14,36,5,0,2,20,18,0,42,2,1,1,1,0,1,0.22,0.303,0.287,0.589,64/9H5781D,0
397,William Contreras,163,2021,23,ATL,NL,52,185,19,35,4,1,8,23,19,1,54,2,0,1,3,0,0,0.215,0.303,0.399,0.702,*2/H,0
398,Jordan Luplow,163,2021,27,TOT,AL,61,193,23,33,8,0,11,28,28,0,57,2,0,0,2,1,2,0.203,0.326,0.454,0.78,83H9/7D415,0
399,Shogo Akiyama,162,2021,33,CIN,NL,88,183,16,33,8,0,0,12,14,1,40,4,1,1,1,2,3,0.204,0.282,0.253,0.535,8H/79,0
400,Andrew Knizner,161,2021,26,STL,NL,63,185,18,28,7,0,1,9,20,2,39,4,0,0,7,0,0,0.174,0.281,0.236,0.517,*2H/3,0
401,Gavin Sheets,160,2021,25,CHW,AL,54,179,23,40,8,0,11,34,16,0,40,2,0,1,4,0,0,0.25,0.324,0.506,0.83,D93/H7,0
402,Zach McKinstry,158,2021,26,LAD,NL,60,172,19,34,9,0,7,29,10,1,50,1,1,2,3,1,1,0.215,0.263,0.405,0.668,9475/H,0
403,Rowdy Tellez,158,2021,26,MIL,NL,56,174,22,43,10,1,7,28,14,3,32,1,0,1,3,0,0,0.272,0.333,0.481,0.814,*3H,0
404,Kevin Plawecki,157,2021,30,BOS,AL,64,173,15,45,7,0,3,15,12,0,26,3,1,0,4,0,0,0.287,0.349,0.389,0.737,*2/HD31,0
405,Zack Short,156,2021,26,DET,AL,61,184,21,22,4,0,6,20,22,1,59,0,0,6,4,2,0,0.141,0.239,0.282,0.521,*6/H54D,0
406,Taylor Trammell,156,2021,23,SEA,AL,51,178,23,25,7,0,8,18,17,0,75,3,2,0,1,2,3,0.16,0.256,0.359,0.615,*87/H,0
407,Miguel Andujar,154,2021,26,NYY,AL,45,162,19,39,2,0,6,12,7,0,28,0,0,1,8,0,1,0.253,0.284,0.383,0.667,*7/5H3,0
408,Tomas Nido,153,2021,27,NYM,NL,58,161,16,34,5,1,3,13,5,1,44,3,0,0,4,1,0,0.222,0.261,0.327,0.588,*2/H5,0
409,Mike Tauchman,152,2021,30,SFG,NL,64,175,21,27,4,0,4,15,22,0,52,1,0,0,0,1,3,0.178,0.286,0.283,0.569,7H98/1,0
410,Yoshi Tsutsugo,152,2021,29,TOT,NL,55,175,22,37,8,1,8,27,21,0,45,1,0,1,2,0,1,0.243,0.337,0.467,0.804,93H7/D,0
411,Taylor Walls,152,2021,24,TBR,AL,54,176,15,32,10,0,1,15,23,0,49,0,1,0,3,4,2,0.211,0.314,0.296,0.61,*6/H4D5,0
412,Josh Reddick,151,2021,34,ARI,NL,54,158,15,39,11,0,2,21,6,0,31,0,0,1,4,0,0,0.258,0.285,0.371,0.656,*9H/871,0
413,Mike Brosseau,150,2021,27,TBR,AL,57,169,21,28,9,0,5,18,15,0,53,2,0,2,1,2,0,0.187,0.266,0.347,0.613,45H3/79,0
414,Nico Hoerner,149,2021,24,CHC,NL,44,170,13,45,10,0,0,16,17,3,25,3,0,1,3,5,3,0.302,0.382,0.369,0.752,*46/78H5,0
415,Abraham Almonte,148,2021,32,ATL,NL,64,175,20,32,12,0,5,19,26,0,38,0,0,1,2,1,1,0.216,0.331,0.399,0.73,7H/9,0
416,Jake Meyers,146,2021,25,HOU,AL,49,163,22,38,8,0,6,28,10,0,50,4,2,1,0,3,0,0.26,0.323,0.438,0.761,*8/H79D,0
417,Andrew Knapp,145,2021,29,PHI,NL,62,159,13,22,3,0,2,11,10,0,61,2,1,1,1,0,0,0.152,0.215,0.214,0.429,*2H/341,0
418,Jason Martin,144,2021,25,TEX,AL,58,154,14,30,3,0,6,17,8,0,41,0,1,1,1,3,1,0.208,0.248,0.354,0.603,*7H/98D,0
419,Yonny Hernandez,143,2021,23,TEX,AL,43,166,15,31,5,0,0,6,17,0,32,4,1,1,2,11,2,0.217,0.315,0.252,0.567,*5/46HD,0
420,Jose Peraza,142,2021,27,NYM,NL,64,154,21,29,7,0,6,20,9,0,26,3,0,0,5,1,0,0.204,0.266,0.38,0.647,4H/567D,0
421,Roberto Perez,141,2021,32,CLE,AL,44,161,13,21,3,0,7,17,17,0,56,1,2,0,1,1,0,0.149,0.245,0.319,0.564,*2/3H,0
422,Derek Hill,139,2021,25,DET,AL,49,150,19,36,3,3,3,14,10,0,42,1,0,0,2,6,3,0.259,0.313,0.389,0.702,*8/HD,0
423,Cal Raleigh,139,2021,24,SEA,AL,47,148,6,25,12,0,2,13,7,0,52,1,0,1,3,0,0,0.18,0.223,0.309,0.532,*2/H,0
424,Rob Refsnyder,139,2021,30,MIN,AL,51,157,21,34,7,0,2,12,17,0,40,0,0,1,4,1,0,0.245,0.325,0.338,0.663,87H/9D,0
425,Rowdy Tellez,139,2021,26,TOR,AL,50,151,12,29,4,1,4,8,9,1,33,3,0,0,3,0,0,0.209,0.272,0.338,0.61,3DH,0
426,Jarrod Dyson,135,2021,36,TOT,AL,102,149,17,28,7,2,0,10,10,0,33,0,3,1,1,10,5,0.207,0.26,0.289,0.549,89H7/D,0
427,Anthony Alford,133,2021,26,PIT,NL,49,148,14,31,6,1,5,11,12,1,58,3,0,0,4,5,6,0.233,0.311,0.406,0.717,7H/89,0
428,Willy Adames,132,2021,25,TBR,AL,41,142,16,26,6,1,5,15,10,0,51,0,0,0,1,1,2,0.197,0.254,0.371,0.625,*6/H,0
429,Luis Guillorme,132,2021,26,NYM,NL,69,156,13,35,3,0,1,5,23,2,23,0,1,0,2,0,2,0.265,0.374,0.311,0.685,5H46/1,0
430,Alex Jackson,131,2021,25,TOT,NL,52,151,13,18,4,0,3,12,13,1,73,7,0,0,0,0,0,0.137,0.252,0.237,0.488,*2H/9,0
431,Travis Jankowski,131,2021,30,PHI,NL,76,157,24,33,6,2,1,10,22,4,29,1,2,0,1,5,0,0.252,0.364,0.351,0.715,8H/97,0
432,Jo Adell,130,2021,22,LAA,AL,35,140,17,32,5,2,4,26,8,0,32,1,1,0,3,2,1,0.246,0.295,0.408,0.703,*79,0
433,Kyle Lewis,130,2021,25,SEA,AL,36,147,15,32,4,0,5,11,16,0,37,1,0,0,1,2,0,0.246,0.333,0.392,0.726,*8/D,0
434,Austin Wynns,130,2021,30,BAL,AL,45,139,14,24,4,0,4,14,8,0,31,0,1,0,6,1,0,0.185,0.232,0.308,0.54,*2/3H1D,0
435,John Nogowski,129,2021,28,TOT,NL,52,143,14,30,7,0,1,14,12,0,22,1,0,1,2,0,1,0.233,0.301,0.31,0.611,3H/19,0
436,Franchy Cordero,127,2021,26,BOS,AL,48,136,12,24,6,0,1,9,8,0,51,0,1,0,1,1,1,0.189,0.237,0.26,0.497,*73/H9D,0
437,Billy Hamilton,127,2021,30,CHW,AL,71,135,23,28,8,3,2,11,4,0,47,0,3,1,1,9,0,0.221,0.242,0.378,0.62,87H/D9,0
438,Hoy Park,127,2021,25,PIT,NL,44,149,16,25,5,2,3,14,18,1,38,1,1,1,4,1,1,0.197,0.299,0.339,0.638,4/H56789,0
439,Tyler Wade,127,2021,26,NYY,AL,103,145,31,34,5,1,0,5,16,1,37,1,0,0,3,17,6,0.268,0.354,0.323,0.677,6H548/79D,0
440,Adalberto Mondesi,126,2021,25,KCR,AL,35,136,19,29,8,1,6,17,6,0,43,1,3,0,2,15,1,0.23,0.271,0.452,0.723,56/DH,0
441,Max Schrock,125,2021,26,CIN,NL,53,134,19,36,7,2,3,14,8,1,24,0,0,1,0,1,1,0.288,0.328,0.448,0.776,7H/54319,0
442,Adam Engel,123,2021,29,CHW,AL,39,140,21,31,9,0,7,18,11,0,31,5,0,1,4,7,1,0.252,0.336,0.496,0.832,*89/7HD,0
443,Lewin Diaz,122,2021,24,MIA,NL,40,128,16,25,4,1,8,13,6,1,33,0,0,0,1,0,0,0.205,0.242,0.451,0.693,*3H,0
444,Ernie Clement,121,2021,25,CLE,AL,40,133,16,28,4,0,3,9,7,0,19,2,3,0,3,0,1,0.231,0.285,0.339,0.623,45/H76,0
445,Thairo Estrada,121,2021,25,SFG,NL,52,132,19,33,4,0,7,22,9,1,23,2,0,0,2,1,0,0.273,0.333,0.479,0.813,6H4/759,0
446,Justin Williams,119,2021,25,STL,NL,51,137,10,19,0,0,4,11,17,5,46,1,0,0,2,0,1,0.16,0.27,0.261,0.531,97H,0
447,Tim Locastro,118,2021,28,ARI,NL,55,133,11,21,2,0,1,5,6,0,26,9,0,0,2,5,3,0.178,0.271,0.22,0.491,8H/97,0
448,Jordy Mercer,118,2021,34,WSN,NL,46,127,13,30,7,0,2,9,9,0,34,0,0,0,1,0,0,0.254,0.307,0.364,0.672,45H/637D,0
449,Nick Maton,117,2021,24,PHI,NL,52,131,16,30,7,1,2,14,10,0,39,2,1,1,0,2,0,0.256,0.323,0.385,0.708,46H/1,0
450,Cole Tucker,117,2021,24,PIT,NL,43,131,15,26,4,2,2,12,13,0,33,0,0,1,2,2,2,0.222,0.298,0.342,0.64,69H/483,0
451,Danny Santana,116,2021,30,BOS,AL,38,127,15,21,2,1,5,14,10,0,30,1,0,0,0,4,2,0.181,0.252,0.345,0.597,38/7HD,0
452,Jake Rogers,113,2021,26,DET,AL,38,127,17,27,5,3,6,17,11,0,46,0,3,0,0,1,0,0.239,0.307,0.496,0.802,*2/H15,0
453,Cam Gallagher,112,2021,28,KCR,AL,48,124,9,28,6,0,1,7,8,0,20,0,2,1,2,0,0,0.25,0.298,0.33,0.628,*2/H,0
454,Shed Long,111,2021,25,SEA,AL,34,121,13,22,4,1,4,17,9,0,39,0,1,0,3,1,0,0.198,0.258,0.36,0.619,*74/HD,0
455,Nick Senzel,111,2021,26,CIN,NL,36,124,18,28,4,0,1,8,12,0,16,0,0,1,3,2,5,0.252,0.323,0.315,0.638,*8/4H5,0
456,Lars Nootbaar,109,2021,23,STL,NL,58,124,15,26,3,1,5,15,13,1,28,0,1,1,0,2,1,0.239,0.317,0.422,0.739,9H/7,0
457,Aaron Hicks,108,2021,31,NYY,AL,32,126,13,21,3,0,4,14,14,0,30,2,0,2,3,0,0,0.194,0.294,0.333,0.627,*8/H,0
458,Jarren Duran,107,2021,24,BOS,AL,33,112,17,23,3,2,2,10,4,0,40,0,0,1,1,2,1,0.215,0.241,0.336,0.578,*8/H7,0
459,Freddy Galvis,107,2021,31,PHI,NL,32,120,17,24,3,0,5,14,9,0,19,2,0,2,1,0,0,0.224,0.292,0.393,0.684,56/H43,0
460,Jorge Mateo,107,2021,26,BAL,AL,32,116,9,30,7,1,2,8,7,0,28,1,0,1,0,5,3,0.28,0.328,0.421,0.748,46/79H5,0
461,Robel Garcia,106,2021,28,HOU,AL,46,117,8,16,3,0,1,8,8,0,42,1,1,1,2,0,0,0.151,0.216,0.208,0.423,5H6/431D,0
462,Jose Marmolejos,106,2021,28,SEA,AL,41,122,11,17,4,0,4,12,15,0,39,0,0,1,0,0,0,0.16,0.262,0.311,0.574,37/HD9,0
463,Daz Cameron,103,2021,24,DET,AL,35,115,16,20,5,0,4,13,10,0,38,2,0,0,2,6,0,0.194,0.278,0.359,0.638,98/HD7,0
464,Khris Davis,102,2021,33,TOT,AL,42,114,11,21,5,1,3,10,10,0,31,0,0,2,2,0,0,0.206,0.272,0.363,0.635,*DH/7,0
465,Taylor Jones,102,2021,27,HOU,AL,35,108,11,25,8,1,2,16,4,0,29,0,0,2,5,0,0,0.245,0.269,0.402,0.671,37D/H,0
466,Edward Olivares,101,2021,25,KCR,AL,39,111,14,24,2,0,5,12,5,0,19,3,1,1,2,2,2,0.238,0.291,0.406,0.697,97H/8D,0
467,JaCoby Jones,100,2021,29,DET,AL,36,105,9,17,2,0,2,9,5,0,42,0,0,0,2,2,2,0.17,0.21,0.25,0.46,*8/H7D,0
468,Kyle Garlick,99,2021,29,MIN,AL,36,107,17,23,8,0,5,10,6,0,32,1,0,1,2,1,0,0.232,0.28,0.465,0.745,97/H8D,0
469,Richie Martin,98,2021,26,BAL,AL,37,105,9,23,2,0,1,8,4,0,28,1,1,1,1,0,2,0.235,0.269,0.286,0.555,*6/H,0
470,Luke Williams,98,2021,24,PHI,NL,58,108,8,24,4,0,1,6,10,0,23,0,0,0,2,2,2,0.245,0.315,0.316,0.631,H8/457369,0
471,Robinson Chirinos,97,2021,37,CHC,NL,45,112,13,22,5,1,5,15,9,0,36,5,1,0,2,0,0,0.227,0.324,0.454,0.778,2H/4D,0
472,Gerardo Parra,97,2021,34,WSN,NL,53,107,13,23,5,0,2,10,6,0,30,2,1,1,3,1,1,0.237,0.293,0.351,0.643,H7/89,0
473,Evan White,97,2021,25,SEA,AL,30,104,8,14,3,0,2,9,6,0,31,1,0,0,1,0,0,0.144,0.202,0.237,0.439,*3,0
474,Eddie Rosario,96,2021,29,ATL,NL,33,106,13,26,4,2,7,16,9,0,14,0,0,1,1,2,1,0.271,0.33,0.573,0.903,*7/H9,0
475,Seby Zavala,93,2021,27,CHW,AL,37,104,15,17,3,0,5,15,6,0,41,1,4,0,1,0,0,0.183,0.24,0.376,0.616,*2/HD,0
476,Ka'ai Tom,92,2021,27,PIT,NL,39,117,9,14,2,1,2,11,17,1,30,5,0,3,1,1,0,0.152,0.308,0.261,0.569,*7/H,0
477,Tres Barrera,91,2021,26,WSN,NL,30,107,8,24,3,1,2,10,12,2,22,4,0,0,3,0,0,0.264,0.374,0.385,0.758,*2/H,0
478,Kevan Smith,91,2021,33,ATL,NL,30,101,6,15,3,0,0,3,10,3,29,0,0,0,3,0,0,0.165,0.248,0.198,0.445,*2/H,0
479,Andrew Young,91,2021,27,ARI,NL,58,104,13,19,7,0,6,15,6,0,45,6,0,1,3,0,0,0.209,0.298,0.484,0.782,H4/57D,0
480,Emmanuel Rivera,90,2021,25,KCR,AL,29,98,13,23,4,0,1,5,8,0,21,0,0,0,2,2,0,0.256,0.316,0.333,0.65,*5/3,0
481,Rio Ruiz,90,2021,27,BAL,AL,32,101,10,15,3,0,3,6,9,0,29,1,1,0,3,2,0,0.167,0.25,0.3,0.55,45/HD,0
482,Ben Rortvedt,89,2021,23,MIN,AL,39,98,8,15,1,0,3,7,6,0,29,1,2,0,2,0,0,0.169,0.229,0.281,0.51,*2/HD,0
483,Aramis Garcia,88,2021,28,OAK,AL,32,94,8,18,1,0,3,7,1,0,28,3,2,0,4,0,0,0.205,0.239,0.318,0.557,*2/HD,0
484,Keibert Ruiz,88,2021,22,TOT,NL,29,96,10,24,3,0,3,15,6,0,9,2,0,0,3,0,0,0.273,0.333,0.409,0.742,*2/H,0
485,Jonathan Davis,87,2021,29,TOT,AL,64,103,20,11,1,0,1,4,12,0,26,3,0,1,1,4,1,0.126,0.252,0.172,0.425,*8H/7D,0
486,Jorge Mateo,87,2021,26,SDP,NL,57,93,10,18,4,0,2,6,2,0,27,3,1,0,1,5,0,0.207,0.25,0.322,0.572,H8/5976,0
487,Breyvic Valera,87,2021,29,TOR,AL,39,97,10,22,6,0,1,15,8,0,12,0,1,1,1,1,0,0.253,0.313,0.356,0.669,5H4/D,0
488,Rodolfo Castro,86,2021,22,PIT,NL,31,93,9,17,2,0,5,8,6,0,27,1,0,0,4,0,0,0.198,0.258,0.395,0.653,4/H5,0
489,Sam Haggerty,86,2021,27,SEA,AL,35,94,15,16,3,0,2,5,6,0,28,1,1,0,1,5,1,0.186,0.247,0.291,0.538,7/H948D,0
490,Brandon Drury,84,2021,28,NYM,NL,51,88,7,23,5,0,4,14,3,0,22,1,0,0,3,0,0,0.274,0.307,0.476,0.783,H/579341,0
491,Orlando Arcia,81,2021,26,TOT,NL,36,89,9,16,3,0,2,14,7,1,19,0,0,1,2,1,0,0.198,0.258,0.309,0.567,H7/654,0
492,Jose Rondon,80,2021,27,STL,NL,63,90,13,21,3,0,3,9,8,0,17,0,0,2,1,2,0,0.263,0.322,0.413,0.735,*H/9574D3,0
493,Michael Chavis,79,2021,25,BOS,AL,31,82,12,15,4,1,2,6,1,0,32,1,0,1,2,1,1,0.19,0.207,0.342,0.549,*4/3H,0
494,Patrick Mazeika,79,2021,27,NYM,NL,37,87,6,15,3,0,1,6,4,1,18,3,0,1,2,0,0,0.19,0.253,0.266,0.519,2H/3D,0
495,Pablo Reyes,78,2021,27,MIL,NL,53,87,12,20,5,0,1,3,9,1,15,0,0,0,2,4,0,0.256,0.333,0.359,0.692,H5/647D,0
496,Yoshi Tsutsugo,78,2021,29,TBR,AL,26,87,5,13,4,0,0,5,8,0,27,0,1,0,1,0,0,0.167,0.244,0.218,0.462,3/DH,0
497,Daniel Johnson,77,2021,25,CLE,AL,30,81,9,17,0,0,4,5,4,0,27,0,0,0,0,1,0,0.221,0.259,0.377,0.636,9/7HD,0
498,Ildemaro Vargas,77,2021,29,TOT,NL,34,83,7,12,3,1,0,7,6,1,17,0,0,0,2,1,0,0.156,0.217,0.221,0.438,H5/467D,0
499,Kyle Isbel,76,2021,24,KCR,AL,28,83,16,21,5,2,1,7,7,0,23,0,0,0,0,2,0,0.276,0.337,0.434,0.772,9/87HD,0
500,Yohel Pozo,74,2021,24,TEX,AL,21,77,8,21,4,0,1,9,3,0,10,0,0,0,1,0,0,0.284,0.312,0.378,0.69,*D/2H,0
501,Daniel Robertson,73,2021,27,MIL,NL,50,90,10,12,2,0,2,4,12,1,28,3,1,1,1,0,0,0.164,0.303,0.274,0.577,5H/4631,0
502,Jason Vosler,73,2021,27,SFG,NL,41,82,12,13,4,0,3,9,7,1,21,1,0,1,5,2,0,0.178,0.256,0.356,0.612,H5/3479D,0
503,Grayson Greiner,72,2021,28,DET,AL,31,82,7,17,4,0,1,7,9,0,31,0,1,0,0,0,0,0.236,0.321,0.333,0.654,*2/H,0
504,Isaac Paredes,72,2021,22,DET,AL,23,85,7,15,3,1,1,5,10,1,11,1,0,2,4,0,0,0.208,0.306,0.319,0.625,Apr-56,0
505,Stevie Wilkerson,72,2021,29,BAL,AL,30,76,5,12,3,0,0,2,3,0,30,1,0,0,0,2,0,0.167,0.211,0.208,0.419,*4/H791,0
506,Riley Adams,71,2021,25,WSN,NL,35,90,11,19,6,1,2,10,13,0,28,6,0,0,1,0,0,0.268,0.422,0.465,0.887,2H,0
507,Matt Vierling,71,2021,24,PHI,NL,34,77,11,23,3,1,2,6,4,1,20,1,0,1,1,2,0,0.324,0.364,0.479,0.843,H/3879,0
508,Alex Blandino,70,2021,28,CIN,NL,43,82,9,14,4,0,0,5,8,0,28,4,0,0,0,1,0,0.2,0.317,0.257,0.574,3H/54176,0
509,Drew Ellis,69,2021,25,ARI,NL,28,83,10,9,2,0,1,5,10,1,27,4,0,0,1,0,0,0.13,0.277,0.203,0.48,5/H4,0
510,Webster Rivas,68,2021,30,SDP,NL,24,77,8,15,2,0,2,4,8,0,16,0,1,0,6,0,0,0.221,0.303,0.338,0.641,*2/H,0
511,Jahmai Jones,67,2021,23,BAL,AL,26,72,5,10,3,0,0,3,4,0,26,1,0,0,1,1,0,0.149,0.208,0.194,0.402,*4/H,0
512,Andrew Velazquez,67,2021,26,NYY,AL,28,68,11,15,4,1,1,6,1,0,23,0,0,0,1,4,1,0.224,0.235,0.358,0.594,*6/H,0
513,Luke Raley,66,2021,26,LAD,NL,33,72,5,12,1,0,2,4,2,1,25,4,0,0,1,0,0,0.182,0.25,0.288,0.538,97/H,0
514,Jonathan Arauz,65,2021,22,BOS,AL,28,75,9,12,3,0,3,8,8,0,15,0,2,0,2,0,0,0.185,0.274,0.369,0.643,64/H51,0
515,Domingo Leyba,65,2021,25,BAL,AL,21,72,6,10,1,0,1,4,6,0,16,1,0,0,3,0,0,0.154,0.236,0.215,0.452,*4/5,0
516,Sheldon Neuse,65,2021,26,LAD,NL,33,66,6,11,1,0,3,4,1,0,26,0,0,0,2,1,1,0.169,0.182,0.323,0.505,4H/579D,0
517,Chance Sisco,65,2021,26,BAL,AL,23,73,4,10,2,0,0,3,6,0,18,2,0,0,0,0,0,0.154,0.247,0.185,0.431,*2/HD,0
518,Eddy Alvarez,64,2021,31,MIA,NL,24,74,8,12,4,1,1,6,4,1,18,6,0,0,2,1,0,0.188,0.297,0.328,0.625,*5/H4,0
519,Cristian Pache,63,2021,22,ATL,NL,22,68,6,7,3,0,1,4,2,0,25,1,2,0,1,0,0,0.111,0.152,0.206,0.358,*8/H,0
520,Donovan Walton,63,2021,27,SEA,AL,24,69,6,13,2,1,2,7,4,0,15,0,2,0,1,1,0,0.206,0.254,0.365,0.619,4/7H6D5,0
521,Dustin Garneau,62,2021,33,DET,AL,20,68,9,13,5,0,6,11,3,0,18,1,0,2,2,0,0,0.21,0.25,0.581,0.831,*2,0
522,Will Craig,60,2021,26,PIT,NL,18,65,5,13,2,0,1,3,5,1,22,0,0,0,1,0,0,0.217,0.277,0.3,0.577,*3/H,0
523,Mike Ford,60,2021,28,NYY,AL,22,72,6,8,0,0,3,5,11,1,23,1,0,0,1,0,0,0.133,0.278,0.283,0.561,*3/H,0
524,Andrew Romine,60,2021,35,CHC,NL,26,64,7,11,2,0,1,5,4,0,24,0,0,0,1,0,1,0.183,0.234,0.267,0.501,6/H41,0
525,Austin Romine,60,2021,32,CHC,NL,28,62,5,13,2,0,1,5,2,0,22,0,0,0,4,0,0,0.217,0.242,0.3,0.542,*2/H,0
526,Chad Wallach,60,2021,29,MIA,NL,23,66,2,12,2,1,0,6,3,0,32,1,0,2,1,0,0,0.2,0.242,0.267,0.509,*2/H,0
527,Kean Wong,60,2021,26,LAA,AL,32,66,3,10,2,1,0,6,2,0,17,0,4,0,0,0,1,0.167,0.194,0.233,0.427,H4/579,0
528,Gilberto Celestino,59,2021,22,MIN,AL,23,62,7,8,3,0,2,3,3,0,14,0,0,0,2,0,0,0.136,0.177,0.288,0.466,*8/9H7D,0
529,Mike Freeman,59,2021,33,CIN,NL,37,65,6,11,0,0,0,3,5,1,20,1,0,0,1,1,1,0.186,0.262,0.186,0.448,H6/358471D,0
530,Jake McCarthy,59,2021,23,ARI,NL,24,70,11,13,3,0,2,4,8,0,23,2,1,0,0,3,2,0.22,0.333,0.373,0.706,8/9H,0
531,Skye Bolt,56,2021,27,OAK,AL,32,59,5,5,1,0,1,4,1,0,14,0,2,0,0,2,0,0.089,0.105,0.161,0.266,8H/79D,0
532,Max Fried,55,2021,27,ATL,NL,31,67,7,15,3,0,0,5,4,0,18,0,8,0,0,0,0,0.273,0.322,0.327,0.649,*1/H,0
533,Rene Rivera,55,2021,37,CLE,AL,21,63,6,13,3,0,2,9,4,0,24,1,3,0,2,0,0,0.236,0.3,0.4,0.7,*2/H,0
